
Spine Part Volume Neck
 ==================== 
Spine Part Volume Neck,Unit,Category,Collection,Depth,Level,Time,FilamentID,ID,
0.138902,µm^3,Spine,Spine Part Volume,0,1,1,100000000,610000000192,
0.178817,µm^3,Spine,Spine Part Volume,0,1,1,100000000,610000000195,
0,µm^3,Spine,Spine Part Volume,0,1,1,100000000,610000000200,
0.175992,µm^3,Spine,Spine Part Volume,0,1,1,100000000,610000000205,
0,µm^3,Spine,Spine Part Volume,0,1,1,100000000,610000000212,
0,µm^3,Spine,Spine Part Volume,0,1,1,100000000,610000000214,
