
Spine Part Max Diameter Neck
 ==================== 
Spine Part Max Diameter Neck,Unit,Category,Collection,Depth,Level,Time,FilamentID,ID,
1.03709,µm,Spine,Spine Part Max Diameter,0,1,1,100000000,610000000192,
1.14539,µm,Spine,Spine Part Max Diameter,0,1,1,100000000,610000000195,
0,µm,Spine,Spine Part Max Diameter,0,1,1,100000000,610000000200,
0.734454,µm,Spine,Spine Part Max Diameter,0,1,1,100000000,610000000205,
0,µm,Spine,Spine Part Max Diameter,0,1,1,100000000,610000000212,
0,µm,Spine,Spine Part Max Diameter,0,1,1,100000000,610000000214,
