
Spine Part Volume Neck
 ==================== 
Spine Part Volume Neck,Unit,Category,Collection,Depth,Level,Time,FilamentID,ID,
0.0219973,µm^3,Spine,Spine Part Volume,0,1,1,100000000,610000000170,
0,µm^3,Spine,Spine Part Volume,0,1,1,100000000,610000000173,
0.142011,µm^3,Spine,Spine Part Volume,0,1,1,100000000,610000000177,
0,µm^3,Spine,Spine Part Volume,0,1,1,100000000,610000000183,
0,µm^3,Spine,Spine Part Volume,0,1,1,100000000,610000000187,
1.31498,µm^3,Spine,Spine Part Volume,0,1,1,100000000,610000000190,
0,µm^3,Spine,Spine Part Volume,0,1,1,100000000,610000000208,
0.0459347,µm^3,Spine,Spine Part Volume,0,1,1,100000001,610000000328,
0.212541,µm^3,Spine,Spine Part Volume,0,1,1,100000001,610000000331,
0.0599219,µm^3,Spine,Spine Part Volume,0,1,1,100000001,610000000338,
0.0516092,µm^3,Spine,Spine Part Volume,0,1,1,100000001,610000000344,
0.0953341,µm^3,Spine,Spine Part Volume,0,1,1,100000001,610000000347,
0.0845663,µm^3,Spine,Spine Part Volume,0,1,1,100000001,610000000352,
0.062977,µm^3,Spine,Spine Part Volume,0,1,1,100000001,610000000355,
0.718831,µm^3,Spine,Spine Part Volume,0,1,1,100000001,610000000363,
0.0556804,µm^3,Spine,Spine Part Volume,0,1,1,100000001,610000000373,
0,µm^3,Spine,Spine Part Volume,0,1,1,100000001,610000000376,
0.433263,µm^3,Spine,Spine Part Volume,0,1,1,100000002,610000000480,
0.265871,µm^3,Spine,Spine Part Volume,0,1,1,100000002,610000000486,
0,µm^3,Spine,Spine Part Volume,0,1,1,100000002,610000000492,
0,µm^3,Spine,Spine Part Volume,0,1,1,100000002,610000000494,
0.109908,µm^3,Spine,Spine Part Volume,0,1,1,100000002,610000000496,
0.425643,µm^3,Spine,Spine Part Volume,0,1,1,100000002,610000000503,
0,µm^3,Spine,Spine Part Volume,0,1,1,100000002,610000000511,
0,µm^3,Spine,Spine Part Volume,0,1,1,100000002,610000000513,
0,µm^3,Spine,Spine Part Volume,0,1,1,100000002,610000000514,
0.0984336,µm^3,Spine,Spine Part Volume,0,1,1,100000003,610000000645,
0.0409291,µm^3,Spine,Spine Part Volume,0,1,1,100000003,610000000648,
