
Spine Part Volume Neck
 ==================== 
Spine Part Volume Neck,Unit,Category,Collection,Depth,Level,Time,FilamentID,ID,
0.0979182,µm^3,Spine,Spine Part Volume,0,1,1,100000000,610000000173,
0,µm^3,Spine,Spine Part Volume,0,1,1,100000000,610000000179,
0.0797285,µm^3,Spine,Spine Part Volume,0,1,1,100000000,610000000183,
0,µm^3,Spine,Spine Part Volume,0,1,1,100000000,610000000186,
0,µm^3,Spine,Spine Part Volume,0,1,1,100000000,610000000190,
0.344438,µm^3,Spine,Spine Part Volume,0,1,1,100000000,610000000192,
0.097025,µm^3,Spine,Spine Part Volume,0,1,1,100000000,610000000198,
0.238826,µm^3,Spine,Spine Part Volume,0,1,1,100000000,610000000201,
0,µm^3,Spine,Spine Part Volume,0,1,1,100000000,610000000207,
0,µm^3,Spine,Spine Part Volume,0,1,1,100000000,610000000209,
0,µm^3,Spine,Spine Part Volume,0,1,1,100000000,610000000213,
