
Spine Part Volume Head
 ==================== 
Spine Part Volume Head,Unit,Category,Collection,Depth,Level,Time,FilamentID,ID,
0.169629,µm^3,Spine,Spine Part Volume,0,1,1,100000000,610000000183,
0.0794221,µm^3,Spine,Spine Part Volume,0,1,1,100000000,610000000188,
0.03391,µm^3,Spine,Spine Part Volume,0,1,1,100000000,610000000192,
0.0304538,µm^3,Spine,Spine Part Volume,0,1,1,100000000,610000000203,
0.0733447,µm^3,Spine,Spine Part Volume,0,1,1,100000000,610000000206,
0.433032,µm^3,Spine,Spine Part Volume,0,1,1,100000001,610000000348,
0.0378503,µm^3,Spine,Spine Part Volume,0,1,1,100000001,610000000353,
0.542576,µm^3,Spine,Spine Part Volume,0,1,1,100000001,610000000360,
