
Spine Part Volume Neck
 ==================== 
Spine Part Volume Neck,Unit,Category,Collection,Depth,Level,Time,FilamentID,ID,
0.0326153,µm^3,Spine,Spine Part Volume,0,1,1,100000000,610000000183,
0,µm^3,Spine,Spine Part Volume,0,1,1,100000000,610000000188,
0.350862,µm^3,Spine,Spine Part Volume,0,1,1,100000000,610000000192,
0,µm^3,Spine,Spine Part Volume,0,1,1,100000000,610000000203,
0.0266904,µm^3,Spine,Spine Part Volume,0,1,1,100000001,610000000379,
0.0459816,µm^3,Spine,Spine Part Volume,0,1,1,100000001,610000000382,
0,µm^3,Spine,Spine Part Volume,0,1,1,100000001,610000000385,
0.0679874,µm^3,Spine,Spine Part Volume,0,1,1,100000002,610000000561,
0.0368384,µm^3,Spine,Spine Part Volume,0,1,1,100000002,610000000566,
0.17855,µm^3,Spine,Spine Part Volume,0,1,1,100000003,610000000692,
0.140095,µm^3,Spine,Spine Part Volume,0,1,1,100000003,610000000699,
0.0624665,µm^3,Spine,Spine Part Volume,0,1,1,100000003,610000000708,
0,µm^3,Spine,Spine Part Volume,0,1,1,100000003,610000000714,
