
Spine Part Max Diameter Head
 ==================== 
Spine Part Max Diameter Head,Unit,Category,Collection,Depth,Level,Time,FilamentID,ID,
0.663075,µm,Spine,Spine Part Max Diameter,0,1,1,100000000,610000000172,
0.408449,µm,Spine,Spine Part Max Diameter,0,1,1,100000000,610000000187,
0.453095,µm,Spine,Spine Part Max Diameter,0,1,1,100000000,610000000197,
0.899319,µm,Spine,Spine Part Max Diameter,0,1,1,100000000,610000000202,
0.502802,µm,Spine,Spine Part Max Diameter,0,1,1,100000000,610000000219,
