
Spine Part Max Diameter Neck
 ==================== 
Spine Part Max Diameter Neck,Unit,Category,Collection,Depth,Level,Time,FilamentID,ID,
0.840472,µm,Spine,Spine Part Max Diameter,0,1,1,100000000,610000000172,
0.614373,µm,Spine,Spine Part Max Diameter,0,1,1,100000000,610000000187,
0.582776,µm,Spine,Spine Part Max Diameter,0,1,1,100000000,610000000197,
1.0132,µm,Spine,Spine Part Max Diameter,0,1,1,100000000,610000000202,
1.04188,µm,Spine,Spine Part Max Diameter,0,1,1,100000000,610000000219,
