
Spine Part Volume Head
 ==================== 
Spine Part Volume Head,Unit,Category,Collection,Depth,Level,Time,FilamentID,ID,
0.00796241,µm^3,Spine,Spine Part Volume,0,1,1,100000000,610000000185,
0.0105337,µm^3,Spine,Spine Part Volume,0,1,1,100000000,610000000191,
0.0120441,µm^3,Spine,Spine Part Volume,0,1,1,100000000,610000000195,
0.00885493,µm^3,Spine,Spine Part Volume,0,1,1,100000000,610000000199,
0.0104272,µm^3,Spine,Spine Part Volume,0,1,1,100000000,610000000204,
0.0163282,µm^3,Spine,Spine Part Volume,0,1,1,100000000,610000000210,
0.0177157,µm^3,Spine,Spine Part Volume,0,1,1,100000000,610000000219,
0.0741618,µm^3,Spine,Spine Part Volume,0,1,1,100000000,610000000229,
0.0118783,µm^3,Spine,Spine Part Volume,0,1,1,100000000,610000000244,
0.00278764,µm^3,Spine,Spine Part Volume,0,1,1,100000000,610000000250,
0.0350944,µm^3,Spine,Spine Part Volume,0,1,1,100000000,610000000253,
0.00278764,µm^3,Spine,Spine Part Volume,0,1,1,100000000,610000000259,
0.053224,µm^3,Spine,Spine Part Volume,0,1,1,100000000,610000000262,
0.0453886,µm^3,Spine,Spine Part Volume,0,1,1,100000000,610000000270,
0.0243538,µm^3,Spine,Spine Part Volume,0,1,1,100000000,610000000279,
0.00768342,µm^3,Spine,Spine Part Volume,0,1,1,100000000,610000000282,
0.0242467,µm^3,Spine,Spine Part Volume,0,1,1,100000000,610000000289,
0.0205821,µm^3,Spine,Spine Part Volume,0,1,1,100000000,610000000304,
0.0504816,µm^3,Spine,Spine Part Volume,0,1,1,100000000,610000000308,
0.00893192,µm^3,Spine,Spine Part Volume,0,1,1,100000001,610000000717,
0.0282194,µm^3,Spine,Spine Part Volume,0,1,1,100000001,610000000722,
0.197922,µm^3,Spine,Spine Part Volume,0,1,1,100000001,610000000728,
0.080656,µm^3,Spine,Spine Part Volume,0,1,1,100000001,610000000746,
0.0626073,µm^3,Spine,Spine Part Volume,0,1,1,100000001,610000000755,
0.00927644,µm^3,Spine,Spine Part Volume,0,1,1,100000001,610000000757,
0.25934,µm^3,Spine,Spine Part Volume,0,1,1,100000001,610000000760,
0.113371,µm^3,Spine,Spine Part Volume,0,1,1,100000001,610000000776,
0.0404677,µm^3,Spine,Spine Part Volume,0,1,1,100000001,610000000791,
0.0660158,µm^3,Spine,Spine Part Volume,0,1,1,100000001,610000000796,
0.0478729,µm^3,Spine,Spine Part Volume,0,1,1,100000001,610000000805,
0.0269111,µm^3,Spine,Spine Part Volume,0,1,1,100000001,610000000809,
0.102325,µm^3,Spine,Spine Part Volume,0,1,1,100000001,610000000818,
0.0567435,µm^3,Spine,Spine Part Volume,0,1,1,100000001,610000000825,
0.262132,µm^3,Spine,Spine Part Volume,0,1,1,100000001,610000000835,
0.0422555,µm^3,Spine,Spine Part Volume,0,1,1,100000001,610000000859,
0.154154,µm^3,Spine,Spine Part Volume,0,1,1,100000001,610000000864,
0.0232741,µm^3,Spine,Spine Part Volume,0,1,1,100000001,610000000886,
0.189875,µm^3,Spine,Spine Part Volume,0,1,1,100000001,610000000896,
0.184744,µm^3,Spine,Spine Part Volume,0,1,1,100000001,610000000916,
0.789097,µm^3,Spine,Spine Part Volume,0,1,1,100000001,610000000936,
0.0826993,µm^3,Spine,Spine Part Volume,0,1,1,100000002,610000001322,
0.137195,µm^3,Spine,Spine Part Volume,0,1,1,100000002,610000001332,
0.0840288,µm^3,Spine,Spine Part Volume,0,1,1,100000002,610000001344,
0.0702675,µm^3,Spine,Spine Part Volume,0,1,1,100000002,610000001352,
0.117032,µm^3,Spine,Spine Part Volume,0,1,1,100000002,610000001356,
0.0107437,µm^3,Spine,Spine Part Volume,0,1,1,100000002,610000001369,
0.0716051,µm^3,Spine,Spine Part Volume,0,1,1,100000002,610000001376,
0.0624913,µm^3,Spine,Spine Part Volume,0,1,1,100000002,610000001380,
0.0478615,µm^3,Spine,Spine Part Volume,0,1,1,100000002,610000001390,
0.0303817,µm^3,Spine,Spine Part Volume,0,1,1,100000002,610000001395,
0.0649877,µm^3,Spine,Spine Part Volume,0,1,1,100000002,610000001397,
0.0677462,µm^3,Spine,Spine Part Volume,0,1,1,100000002,610000001408,
0.0273243,µm^3,Spine,Spine Part Volume,0,1,1,100000002,610000001412,
