
Spine Part Mean Diameter Neck
 ==================== 
Spine Part Mean Diameter Neck,Unit,Category,Collection,Depth,Level,Time,FilamentID,ID,
1.10095,µm,Spine,Spine Part Mean Diameter,0,1,1,100000000,610000000168,
0.645857,µm,Spine,Spine Part Mean Diameter,0,1,1,100000000,610000000181,
0.690466,µm,Spine,Spine Part Mean Diameter,0,1,1,100000000,610000000186,
0.928778,µm,Spine,Spine Part Mean Diameter,0,1,1,100000000,610000000194,
0.233766,µm,Spine,Spine Part Mean Diameter,0,1,1,100000000,610000000202,
0.963338,µm,Spine,Spine Part Mean Diameter,0,1,1,100000001,610000000393,
0.646081,µm,Spine,Spine Part Mean Diameter,0,1,1,100000001,610000000411,
0.57833,µm,Spine,Spine Part Mean Diameter,0,1,1,100000001,610000000427,
0,µm,Spine,Spine Part Mean Diameter,0,1,1,100000001,610000000439,
0,µm,Spine,Spine Part Mean Diameter,0,1,1,100000002,610000000593,
0.435495,µm,Spine,Spine Part Mean Diameter,0,1,1,100000002,610000000597,
0.925691,µm,Spine,Spine Part Mean Diameter,0,1,1,100000002,610000000618,
0,µm,Spine,Spine Part Mean Diameter,0,1,1,100000002,610000000631,
0.92424,µm,Spine,Spine Part Mean Diameter,0,1,1,100000003,610000000771,
0.840695,µm,Spine,Spine Part Mean Diameter,0,1,1,100000003,610000000783,
0.75458,µm,Spine,Spine Part Mean Diameter,0,1,1,100000003,610000000789,
0.436182,µm,Spine,Spine Part Mean Diameter,0,1,1,100000003,610000000796,
0,µm,Spine,Spine Part Mean Diameter,0,1,1,100000003,610000000799,
0.690343,µm,Spine,Spine Part Mean Diameter,0,1,1,100000004,610000000946,
0.763932,µm,Spine,Spine Part Mean Diameter,0,1,1,100000004,610000000955,
0.310353,µm,Spine,Spine Part Mean Diameter,0,1,1,100000004,610000000960,
1.10523,µm,Spine,Spine Part Mean Diameter,0,1,1,100000004,610000000975,
0.940501,µm,Spine,Spine Part Mean Diameter,0,1,1,100000004,610000000982,
0.979368,µm,Spine,Spine Part Mean Diameter,0,1,1,100000004,610000000989,
