
Spine Part Volume Head
 ==================== 
Spine Part Volume Head,Unit,Category,Collection,Depth,Level,Time,FilamentID,ID,
0.0120988,µm^3,Spine,Spine Part Volume,0,1,1,100000000,610000000176,
0.0960928,µm^3,Spine,Spine Part Volume,0,1,1,100000000,610000000180,
0.0432418,µm^3,Spine,Spine Part Volume,0,1,1,100000000,610000000190,
0.272521,µm^3,Spine,Spine Part Volume,0,1,1,100000000,610000000200,
0.029577,µm^3,Spine,Spine Part Volume,0,1,1,100000000,610000000205,
0.0212195,µm^3,Spine,Spine Part Volume,0,1,1,100000000,610000000216,
0.0137713,µm^3,Spine,Spine Part Volume,0,1,1,100000000,610000000226,
0.0286844,µm^3,Spine,Spine Part Volume,0,1,1,100000000,610000000233,
0.463304,µm^3,Spine,Spine Part Volume,0,1,1,100000000,610000000242,
0.0168698,µm^3,Spine,Spine Part Volume,0,1,1,100000000,610000000262,
0.104051,µm^3,Spine,Spine Part Volume,0,1,1,100000000,610000000269,
0.0202244,µm^3,Spine,Spine Part Volume,0,1,1,100000000,610000000281,
0.0157136,µm^3,Spine,Spine Part Volume,0,1,1,100000000,610000000288,
0.156223,µm^3,Spine,Spine Part Volume,0,1,1,100000000,610000000295,
