
Spine Part Volume Head
 ==================== 
Spine Part Volume Head,Unit,Category,Collection,Depth,Level,Time,FilamentID,ID,
0.151572,µm^3,Spine,Spine Part Volume,0,1,1,100000000,610000000168,
0.0295344,µm^3,Spine,Spine Part Volume,0,1,1,100000000,610000000181,
0.032394,µm^3,Spine,Spine Part Volume,0,1,1,100000000,610000000186,
0.112048,µm^3,Spine,Spine Part Volume,0,1,1,100000000,610000000194,
0.101466,µm^3,Spine,Spine Part Volume,0,1,1,100000000,610000000202,
0.237028,µm^3,Spine,Spine Part Volume,0,1,1,100000001,610000000393,
0.0882438,µm^3,Spine,Spine Part Volume,0,1,1,100000001,610000000411,
0.0906555,µm^3,Spine,Spine Part Volume,0,1,1,100000001,610000000427,
0.145577,µm^3,Spine,Spine Part Volume,0,1,1,100000001,610000000439,
0.0840406,µm^3,Spine,Spine Part Volume,0,1,1,100000002,610000000593,
0.255743,µm^3,Spine,Spine Part Volume,0,1,1,100000002,610000000597,
0.254198,µm^3,Spine,Spine Part Volume,0,1,1,100000002,610000000618,
0.110747,µm^3,Spine,Spine Part Volume,0,1,1,100000002,610000000631,
0.153377,µm^3,Spine,Spine Part Volume,0,1,1,100000003,610000000771,
0.0462495,µm^3,Spine,Spine Part Volume,0,1,1,100000003,610000000783,
0.0358534,µm^3,Spine,Spine Part Volume,0,1,1,100000003,610000000789,
0.00305955,µm^3,Spine,Spine Part Volume,0,1,1,100000003,610000000796,
0.0651461,µm^3,Spine,Spine Part Volume,0,1,1,100000003,610000000799,
0.0260537,µm^3,Spine,Spine Part Volume,0,1,1,100000004,610000000946,
0.059814,µm^3,Spine,Spine Part Volume,0,1,1,100000004,610000000955,
0.04388,µm^3,Spine,Spine Part Volume,0,1,1,100000004,610000000960,
0.113351,µm^3,Spine,Spine Part Volume,0,1,1,100000004,610000000975,
0.097045,µm^3,Spine,Spine Part Volume,0,1,1,100000004,610000000982,
0.137265,µm^3,Spine,Spine Part Volume,0,1,1,100000004,610000000989,
