
Spine Part Max Diameter Head
 ==================== 
Spine Part Max Diameter Head,Unit,Category,Collection,Depth,Level,Time,FilamentID,ID,
0.730857,µm,Spine,Spine Part Max Diameter,0,1,1,100000000,610000000138,
1.10856,µm,Spine,Spine Part Max Diameter,0,1,1,100000001,610000000270,
0.944112,µm,Spine,Spine Part Max Diameter,0,1,1,100000001,610000000274,
0.490238,µm,Spine,Spine Part Max Diameter,0,1,1,100000001,610000000281,
1.10497,µm,Spine,Spine Part Max Diameter,0,1,1,100000001,610000000284,
