
Spine Part Volume Neck
 ==================== 
Spine Part Volume Neck,Unit,Category,Collection,Depth,Level,Time,FilamentID,ID,
0.5801,µm^3,Spine,Spine Part Volume,0,1,1,100000000,610000000168,
0.0327469,µm^3,Spine,Spine Part Volume,0,1,1,100000000,610000000181,
0.0873519,µm^3,Spine,Spine Part Volume,0,1,1,100000000,610000000186,
0.149935,µm^3,Spine,Spine Part Volume,0,1,1,100000000,610000000194,
0.0535753,µm^3,Spine,Spine Part Volume,0,1,1,100000000,610000000202,
0.629914,µm^3,Spine,Spine Part Volume,0,1,1,100000001,610000000393,
0.221049,µm^3,Spine,Spine Part Volume,0,1,1,100000001,610000000411,
0.12611,µm^3,Spine,Spine Part Volume,0,1,1,100000001,610000000427,
0,µm^3,Spine,Spine Part Volume,0,1,1,100000001,610000000439,
0,µm^3,Spine,Spine Part Volume,0,1,1,100000002,610000000593,
0.14746,µm^3,Spine,Spine Part Volume,0,1,1,100000002,610000000597,
0.513969,µm^3,Spine,Spine Part Volume,0,1,1,100000002,610000000618,
0,µm^3,Spine,Spine Part Volume,0,1,1,100000002,610000000631,
0.293831,µm^3,Spine,Spine Part Volume,0,1,1,100000003,610000000771,
0.113791,µm^3,Spine,Spine Part Volume,0,1,1,100000003,610000000783,
0.140333,µm^3,Spine,Spine Part Volume,0,1,1,100000003,610000000789,
0.00982442,µm^3,Spine,Spine Part Volume,0,1,1,100000003,610000000796,
0,µm^3,Spine,Spine Part Volume,0,1,1,100000003,610000000799,
0.133508,µm^3,Spine,Spine Part Volume,0,1,1,100000004,610000000946,
0.0460528,µm^3,Spine,Spine Part Volume,0,1,1,100000004,610000000955,
0.070802,µm^3,Spine,Spine Part Volume,0,1,1,100000004,610000000960,
0.377599,µm^3,Spine,Spine Part Volume,0,1,1,100000004,610000000975,
0.22973,µm^3,Spine,Spine Part Volume,0,1,1,100000004,610000000982,
0.300865,µm^3,Spine,Spine Part Volume,0,1,1,100000004,610000000989,
