
Spine Part Volume Head
 ==================== 
Spine Part Volume Head,Unit,Category,Collection,Depth,Level,Time,FilamentID,ID,
0.163233,µm^3,Spine,Spine Part Volume,0,1,1,100000000,610000000158,
0.66098,µm^3,Spine,Spine Part Volume,0,1,1,100000000,610000000166,
0.473347,µm^3,Spine,Spine Part Volume,0,1,1,100000000,610000000186,
0.0715189,µm^3,Spine,Spine Part Volume,0,1,1,100000001,610000000341,
0.313155,µm^3,Spine,Spine Part Volume,0,1,1,100000002,610000000538,
0.466602,µm^3,Spine,Spine Part Volume,0,1,1,100000002,610000000540,
0.278295,µm^3,Spine,Spine Part Volume,0,1,1,100000002,610000000545,
0.251957,µm^3,Spine,Spine Part Volume,0,1,1,100000002,610000000546,
0.294953,µm^3,Spine,Spine Part Volume,0,1,1,100000002,610000000547,
0.0166306,µm^3,Spine,Spine Part Volume,0,1,1,100000003,610000000708,
0.0431447,µm^3,Spine,Spine Part Volume,0,1,1,100000003,610000000710,
0.17879,µm^3,Spine,Spine Part Volume,0,1,1,100000003,610000000715,
0.098808,µm^3,Spine,Spine Part Volume,0,1,1,100000003,610000000719,
0.200126,µm^3,Spine,Spine Part Volume,0,1,1,100000003,610000000721,
0.0455212,µm^3,Spine,Spine Part Volume,0,1,1,100000003,610000000723,
0.106836,µm^3,Spine,Spine Part Volume,0,1,1,100000004,610000000887,
0.0195471,µm^3,Spine,Spine Part Volume,0,1,1,100000004,610000000891,
0.183743,µm^3,Spine,Spine Part Volume,0,1,1,100000004,610000000893,
0.0267723,µm^3,Spine,Spine Part Volume,0,1,1,100000004,610000000895,
0.0349393,µm^3,Spine,Spine Part Volume,0,1,1,100000004,610000000903,
0.129568,µm^3,Spine,Spine Part Volume,0,1,1,100000004,610000000906,
0.026922,µm^3,Spine,Spine Part Volume,0,1,1,100000004,610000000913,
0.0613282,µm^3,Spine,Spine Part Volume,0,1,1,100000004,610000000919,
0.0817242,µm^3,Spine,Spine Part Volume,0,1,1,100000004,610000000924,
0.00348388,µm^3,Spine,Spine Part Volume,0,1,1,100000004,610000000925,
0.0272022,µm^3,Spine,Spine Part Volume,0,1,1,100000004,610000000926,
