
Spine Part Volume Neck
 ==================== 
Spine Part Volume Neck,Unit,Category,Collection,Depth,Level,Time,FilamentID,ID,
0.0339402,µm^3,Spine,Spine Part Volume,0,1,1,100000000,610000000185,
0,µm^3,Spine,Spine Part Volume,0,1,1,100000000,610000000191,
0,µm^3,Spine,Spine Part Volume,0,1,1,100000000,610000000195,
0.0127132,µm^3,Spine,Spine Part Volume,0,1,1,100000000,610000000199,
0.0519721,µm^3,Spine,Spine Part Volume,0,1,1,100000000,610000000204,
0.0881617,µm^3,Spine,Spine Part Volume,0,1,1,100000000,610000000210,
0.21289,µm^3,Spine,Spine Part Volume,0,1,1,100000000,610000000219,
0.354994,µm^3,Spine,Spine Part Volume,0,1,1,100000000,610000000229,
0.0652561,µm^3,Spine,Spine Part Volume,0,1,1,100000000,610000000244,
0.00820572,µm^3,Spine,Spine Part Volume,0,1,1,100000000,610000000250,
0.0888414,µm^3,Spine,Spine Part Volume,0,1,1,100000000,610000000253,
0.00941291,µm^3,Spine,Spine Part Volume,0,1,1,100000000,610000000259,
0.119217,µm^3,Spine,Spine Part Volume,0,1,1,100000000,610000000262,
0.208119,µm^3,Spine,Spine Part Volume,0,1,1,100000000,610000000270,
0.0282906,µm^3,Spine,Spine Part Volume,0,1,1,100000000,610000000279,
0.0685753,µm^3,Spine,Spine Part Volume,0,1,1,100000000,610000000282,
0.0476015,µm^3,Spine,Spine Part Volume,0,1,1,100000000,610000000289,
0,µm^3,Spine,Spine Part Volume,0,1,1,100000000,610000000304,
0.192872,µm^3,Spine,Spine Part Volume,0,1,1,100000000,610000000308,
0.0127984,µm^3,Spine,Spine Part Volume,0,1,1,100000001,610000000717,
0.0868142,µm^3,Spine,Spine Part Volume,0,1,1,100000001,610000000722,
1.04817,µm^3,Spine,Spine Part Volume,0,1,1,100000001,610000000728,
0.113989,µm^3,Spine,Spine Part Volume,0,1,1,100000001,610000000746,
0,µm^3,Spine,Spine Part Volume,0,1,1,100000001,610000000755,
0.0151983,µm^3,Spine,Spine Part Volume,0,1,1,100000001,610000000757,
0.448305,µm^3,Spine,Spine Part Volume,0,1,1,100000001,610000000760,
0.467173,µm^3,Spine,Spine Part Volume,0,1,1,100000001,610000000776,
0.0453345,µm^3,Spine,Spine Part Volume,0,1,1,100000001,610000000791,
0.314159,µm^3,Spine,Spine Part Volume,0,1,1,100000001,610000000796,
0,µm^3,Spine,Spine Part Volume,0,1,1,100000001,610000000805,
0.172142,µm^3,Spine,Spine Part Volume,0,1,1,100000001,610000000809,
0.33066,µm^3,Spine,Spine Part Volume,0,1,1,100000001,610000000818,
0.427294,µm^3,Spine,Spine Part Volume,0,1,1,100000001,610000000825,
0.15234,µm^3,Spine,Spine Part Volume,0,1,1,100000001,610000000835,
0.0382616,µm^3,Spine,Spine Part Volume,0,1,1,100000001,610000000859,
0.359562,µm^3,Spine,Spine Part Volume,0,1,1,100000001,610000000864,
0.180726,µm^3,Spine,Spine Part Volume,0,1,1,100000001,610000000886,
0.520943,µm^3,Spine,Spine Part Volume,0,1,1,100000001,610000000896,
0.558701,µm^3,Spine,Spine Part Volume,0,1,1,100000001,610000000916,
0.830486,µm^3,Spine,Spine Part Volume,0,1,1,100000001,610000000936,
0.417238,µm^3,Spine,Spine Part Volume,0,1,1,100000002,610000001322,
0.427766,µm^3,Spine,Spine Part Volume,0,1,1,100000002,610000001332,
0.153737,µm^3,Spine,Spine Part Volume,0,1,1,100000002,610000001344,
0,µm^3,Spine,Spine Part Volume,0,1,1,100000002,610000001352,
0.711521,µm^3,Spine,Spine Part Volume,0,1,1,100000002,610000001356,
0.0840254,µm^3,Spine,Spine Part Volume,0,1,1,100000002,610000001369,
0,µm^3,Spine,Spine Part Volume,0,1,1,100000002,610000001376,
0.503671,µm^3,Spine,Spine Part Volume,0,1,1,100000002,610000001380,
0.0434859,µm^3,Spine,Spine Part Volume,0,1,1,100000002,610000001390,
0,µm^3,Spine,Spine Part Volume,0,1,1,100000002,610000001395,
0.297042,µm^3,Spine,Spine Part Volume,0,1,1,100000002,610000001397,
0,µm^3,Spine,Spine Part Volume,0,1,1,100000002,610000001408,
0,µm^3,Spine,Spine Part Volume,0,1,1,100000002,610000001412,
