
Spine Part Max Diameter Neck
 ==================== 
Spine Part Max Diameter Neck,Unit,Category,Collection,Depth,Level,Time,FilamentID,ID,
0.441502,µm,Spine,Spine Part Max Diameter,0,1,1,100000000,610000000149,
0,µm,Spine,Spine Part Max Diameter,0,1,1,100000000,610000000155,
0.960365,µm,Spine,Spine Part Max Diameter,0,1,1,100000000,610000000157,
0,µm,Spine,Spine Part Max Diameter,0,1,1,100000000,610000000165,
0.974398,µm,Spine,Spine Part Max Diameter,0,1,1,100000001,610000000383,
1.32899,µm,Spine,Spine Part Max Diameter,0,1,1,100000002,610000000552,
0.703801,µm,Spine,Spine Part Max Diameter,0,1,1,100000002,610000000561,
