
Spine Part Max Diameter Head
 ==================== 
Spine Part Max Diameter Head,Unit,Category,Collection,Depth,Level,Time,FilamentID,ID,
0.391387,µm,Spine,Spine Part Max Diameter,0,1,1,100000000,610000000149,
0.538675,µm,Spine,Spine Part Max Diameter,0,1,1,100000000,610000000155,
0.662936,µm,Spine,Spine Part Max Diameter,0,1,1,100000000,610000000157,
0.655124,µm,Spine,Spine Part Max Diameter,0,1,1,100000000,610000000165,
0.35698,µm,Spine,Spine Part Max Diameter,0,1,1,100000001,610000000383,
1.23208,µm,Spine,Spine Part Max Diameter,0,1,1,100000002,610000000552,
0.471581,µm,Spine,Spine Part Max Diameter,0,1,1,100000002,610000000561,
