
Spine Part Volume Head
 ==================== 
Spine Part Volume Head,Unit,Category,Collection,Depth,Level,Time,FilamentID,ID,
0.0260637,µm^3,Spine,Spine Part Volume,0,1,1,100000000,610000000124,
0.0656473,µm^3,Spine,Spine Part Volume,0,1,1,100000000,610000000144,
0.0225162,µm^3,Spine,Spine Part Volume,0,1,1,100000000,610000000163,
0.0129015,µm^3,Spine,Spine Part Volume,0,1,1,100000000,610000000176,
0.0176732,µm^3,Spine,Spine Part Volume,0,1,1,100000000,610000000187,
0.0208107,µm^3,Spine,Spine Part Volume,0,1,1,100000000,610000000195,
0.0207162,µm^3,Spine,Spine Part Volume,0,1,1,100000000,610000000207,
0.12324,µm^3,Spine,Spine Part Volume,0,1,1,100000000,610000000219,
0.00767737,µm^3,Spine,Spine Part Volume,0,1,1,100000000,610000000224,
0.00777357,µm^3,Spine,Spine Part Volume,0,1,1,100000000,610000000231,
0.00977684,µm^3,Spine,Spine Part Volume,0,1,1,100000000,610000000237,
0.00730175,µm^3,Spine,Spine Part Volume,0,1,1,100000000,610000000241,
0.12681,µm^3,Spine,Spine Part Volume,0,1,1,100000000,610000000246,
0.0123505,µm^3,Spine,Spine Part Volume,0,1,1,100000000,610000000269,
0.0200106,µm^3,Spine,Spine Part Volume,0,1,1,100000000,610000000278,
0.0297978,µm^3,Spine,Spine Part Volume,0,1,1,100000000,610000000288,
0.0292092,µm^3,Spine,Spine Part Volume,0,1,1,100000001,610000000518,
0.0114819,µm^3,Spine,Spine Part Volume,0,1,1,100000001,610000000530,
0.00762026,µm^3,Spine,Spine Part Volume,0,1,1,100000001,610000000538,
0.00708953,µm^3,Spine,Spine Part Volume,0,1,1,100000001,610000000545,
0.0137848,µm^3,Spine,Spine Part Volume,0,1,1,100000001,610000000552,
0.00772319,µm^3,Spine,Spine Part Volume,0,1,1,100000001,610000000560,
0.01252,µm^3,Spine,Spine Part Volume,0,1,1,100000001,610000000567,
0.0250252,µm^3,Spine,Spine Part Volume,0,1,1,100000001,610000000578,
0.134443,µm^3,Spine,Spine Part Volume,0,1,1,100000001,610000000594,
0.0264481,µm^3,Spine,Spine Part Volume,0,1,1,100000001,610000000613,
0.0164576,µm^3,Spine,Spine Part Volume,0,1,1,100000001,610000000626,
0.0254921,µm^3,Spine,Spine Part Volume,0,1,1,100000001,610000000634,
0.00711482,µm^3,Spine,Spine Part Volume,0,1,1,100000001,610000000649,
0.00776552,µm^3,Spine,Spine Part Volume,0,1,1,100000001,610000000653,
0.0208945,µm^3,Spine,Spine Part Volume,0,1,1,100000001,610000000658,
0.0313182,µm^3,Spine,Spine Part Volume,0,1,1,100000001,610000000671,
0.0131572,µm^3,Spine,Spine Part Volume,0,1,1,100000001,610000000686,
0.0452487,µm^3,Spine,Spine Part Volume,0,1,1,100000001,610000000696,
0.00709139,µm^3,Spine,Spine Part Volume,0,1,1,100000001,610000000715,
0.0232569,µm^3,Spine,Spine Part Volume,0,1,1,100000001,610000000722,
