
Spine Part Mean Diameter Neck
 ==================== 
Spine Part Mean Diameter Neck,Unit,Category,Collection,Depth,Level,Time,FilamentID,ID,
0.432866,µm,Spine,Spine Part Mean Diameter,0,1,1,100000000,610000000149,
0,µm,Spine,Spine Part Mean Diameter,0,1,1,100000000,610000000155,
0.861904,µm,Spine,Spine Part Mean Diameter,0,1,1,100000000,610000000157,
0,µm,Spine,Spine Part Mean Diameter,0,1,1,100000000,610000000165,
0.733615,µm,Spine,Spine Part Mean Diameter,0,1,1,100000001,610000000383,
1.31949,µm,Spine,Spine Part Mean Diameter,0,1,1,100000002,610000000552,
0.703801,µm,Spine,Spine Part Mean Diameter,0,1,1,100000002,610000000561,
