
Spine Part Volume Neck
 ==================== 
Spine Part Volume Neck,Unit,Category,Collection,Depth,Level,Time,FilamentID,ID,
0.272558,µm^3,Spine,Spine Part Volume,0,1,1,100000000,610000000158,
1.3377,µm^3,Spine,Spine Part Volume,0,1,1,100000000,610000000166,
0,µm^3,Spine,Spine Part Volume,0,1,1,100000000,610000000186,
0,µm^3,Spine,Spine Part Volume,0,1,1,100000001,610000000341,
0,µm^3,Spine,Spine Part Volume,0,1,1,100000002,610000000538,
0,µm^3,Spine,Spine Part Volume,0,1,1,100000002,610000000540,
0,µm^3,Spine,Spine Part Volume,0,1,1,100000002,610000000545,
0,µm^3,Spine,Spine Part Volume,0,1,1,100000002,610000000546,
0,µm^3,Spine,Spine Part Volume,0,1,1,100000002,610000000547,
0,µm^3,Spine,Spine Part Volume,0,1,1,100000003,610000000708,
0.07242,µm^3,Spine,Spine Part Volume,0,1,1,100000003,610000000710,
0,µm^3,Spine,Spine Part Volume,0,1,1,100000003,610000000715,
0,µm^3,Spine,Spine Part Volume,0,1,1,100000003,610000000719,
0,µm^3,Spine,Spine Part Volume,0,1,1,100000003,610000000721,
0,µm^3,Spine,Spine Part Volume,0,1,1,100000003,610000000723,
0,µm^3,Spine,Spine Part Volume,0,1,1,100000004,610000000887,
0,µm^3,Spine,Spine Part Volume,0,1,1,100000004,610000000891,
0,µm^3,Spine,Spine Part Volume,0,1,1,100000004,610000000893,
0.410368,µm^3,Spine,Spine Part Volume,0,1,1,100000004,610000000895,
0,µm^3,Spine,Spine Part Volume,0,1,1,100000004,610000000903,
0.508924,µm^3,Spine,Spine Part Volume,0,1,1,100000004,610000000906,
0.0781643,µm^3,Spine,Spine Part Volume,0,1,1,100000004,610000000913,
0.133206,µm^3,Spine,Spine Part Volume,0,1,1,100000004,610000000919,
0,µm^3,Spine,Spine Part Volume,0,1,1,100000004,610000000924,
0,µm^3,Spine,Spine Part Volume,0,1,1,100000004,610000000925,
0,µm^3,Spine,Spine Part Volume,0,1,1,100000004,610000000926,
