
Spine Part Volume Head
 ==================== 
Spine Part Volume Head,Unit,Category,Collection,Depth,Level,Time,FilamentID,ID,
0.0134693,µm^3,Spine,Spine Part Volume,0,1,1,100000000,610000000183,
0.099571,µm^3,Spine,Spine Part Volume,0,1,1,100000000,610000000188,
0.0593496,µm^3,Spine,Spine Part Volume,0,1,1,100000000,610000000192,
0.100777,µm^3,Spine,Spine Part Volume,0,1,1,100000000,610000000203,
0.020914,µm^3,Spine,Spine Part Volume,0,1,1,100000001,610000000379,
0.0755527,µm^3,Spine,Spine Part Volume,0,1,1,100000001,610000000382,
0.0601872,µm^3,Spine,Spine Part Volume,0,1,1,100000001,610000000385,
0.105883,µm^3,Spine,Spine Part Volume,0,1,1,100000002,610000000561,
0.0230127,µm^3,Spine,Spine Part Volume,0,1,1,100000002,610000000566,
0.0231846,µm^3,Spine,Spine Part Volume,0,1,1,100000003,610000000692,
0.115507,µm^3,Spine,Spine Part Volume,0,1,1,100000003,610000000699,
0.0885832,µm^3,Spine,Spine Part Volume,0,1,1,100000003,610000000708,
0.0544668,µm^3,Spine,Spine Part Volume,0,1,1,100000003,610000000714,
