
Spine Part Volume Neck
 ==================== 
Spine Part Volume Neck,Unit,Category,Collection,Depth,Level,Time,FilamentID,ID,
0.107274,µm^3,Spine,Spine Part Volume,0,1,1,100000000,610000000136,
0,µm^3,Spine,Spine Part Volume,0,1,1,100000000,610000000139,
0,µm^3,Spine,Spine Part Volume,0,1,1,100000000,610000000144,
0,µm^3,Spine,Spine Part Volume,0,1,1,100000000,610000000147,
0.0437504,µm^3,Spine,Spine Part Volume,0,1,1,100000000,610000000149,
0,µm^3,Spine,Spine Part Volume,0,1,1,100000000,610000000152,
0,µm^3,Spine,Spine Part Volume,0,1,1,100000000,610000000153,
0,µm^3,Spine,Spine Part Volume,0,1,1,100000000,610000000154,
0,µm^3,Spine,Spine Part Volume,0,1,1,100000000,610000000155,
0,µm^3,Spine,Spine Part Volume,0,1,1,100000000,610000000156,
0,µm^3,Spine,Spine Part Volume,0,1,1,100000001,610000000289,
0,µm^3,Spine,Spine Part Volume,0,1,1,100000001,610000000291,
0,µm^3,Spine,Spine Part Volume,0,1,1,100000001,610000000295,
0,µm^3,Spine,Spine Part Volume,0,1,1,100000001,610000000297,
0,µm^3,Spine,Spine Part Volume,0,1,1,100000001,610000000301,
0,µm^3,Spine,Spine Part Volume,0,1,1,100000001,610000000302,
0,µm^3,Spine,Spine Part Volume,0,1,1,100000002,610000000427,
0.367746,µm^3,Spine,Spine Part Volume,0,1,1,100000002,610000000429,
0.257933,µm^3,Spine,Spine Part Volume,0,1,1,100000002,610000000437,
0,µm^3,Spine,Spine Part Volume,0,1,1,100000003,610000000598,
0,µm^3,Spine,Spine Part Volume,0,1,1,100000003,610000000602,
0,µm^3,Spine,Spine Part Volume,0,1,1,100000003,610000000605,
0,µm^3,Spine,Spine Part Volume,0,1,1,100000003,610000000607,
0.0478988,µm^3,Spine,Spine Part Volume,0,1,1,100000003,610000000610,
0,µm^3,Spine,Spine Part Volume,0,1,1,100000003,610000000613,
0,µm^3,Spine,Spine Part Volume,0,1,1,100000003,610000000615,
0,µm^3,Spine,Spine Part Volume,0,1,1,100000003,610000000616,
0,µm^3,Spine,Spine Part Volume,0,1,1,100000003,610000000617,
0,µm^3,Spine,Spine Part Volume,0,1,1,100000003,610000000618,
