
Spine Part Volume Head
 ==================== 
Spine Part Volume Head,Unit,Category,Collection,Depth,Level,Time,FilamentID,ID,
0.0458969,µm^3,Spine,Spine Part Volume,0,1,1,100000000,610000000136,
0.0207887,µm^3,Spine,Spine Part Volume,0,1,1,100000000,610000000139,
0.0162337,µm^3,Spine,Spine Part Volume,0,1,1,100000000,610000000144,
0.182961,µm^3,Spine,Spine Part Volume,0,1,1,100000000,610000000147,
0.0113631,µm^3,Spine,Spine Part Volume,0,1,1,100000000,610000000149,
0.923182,µm^3,Spine,Spine Part Volume,0,1,1,100000000,610000000152,
0.082412,µm^3,Spine,Spine Part Volume,0,1,1,100000000,610000000153,
0.0236733,µm^3,Spine,Spine Part Volume,0,1,1,100000000,610000000154,
0.0512573,µm^3,Spine,Spine Part Volume,0,1,1,100000000,610000000155,
0.024049,µm^3,Spine,Spine Part Volume,0,1,1,100000000,610000000156,
0.0180288,µm^3,Spine,Spine Part Volume,0,1,1,100000001,610000000289,
0.0145233,µm^3,Spine,Spine Part Volume,0,1,1,100000001,610000000291,
0.0636031,µm^3,Spine,Spine Part Volume,0,1,1,100000001,610000000295,
0.157841,µm^3,Spine,Spine Part Volume,0,1,1,100000001,610000000297,
0.032482,µm^3,Spine,Spine Part Volume,0,1,1,100000001,610000000301,
0.0350609,µm^3,Spine,Spine Part Volume,0,1,1,100000001,610000000302,
0.0494555,µm^3,Spine,Spine Part Volume,0,1,1,100000002,610000000427,
0.308613,µm^3,Spine,Spine Part Volume,0,1,1,100000002,610000000429,
0.0931944,µm^3,Spine,Spine Part Volume,0,1,1,100000002,610000000437,
0.0705538,µm^3,Spine,Spine Part Volume,0,1,1,100000003,610000000598,
0.291381,µm^3,Spine,Spine Part Volume,0,1,1,100000003,610000000602,
0.043667,µm^3,Spine,Spine Part Volume,0,1,1,100000003,610000000605,
0.0805378,µm^3,Spine,Spine Part Volume,0,1,1,100000003,610000000607,
0.0156974,µm^3,Spine,Spine Part Volume,0,1,1,100000003,610000000610,
0.0554487,µm^3,Spine,Spine Part Volume,0,1,1,100000003,610000000613,
0.0682451,µm^3,Spine,Spine Part Volume,0,1,1,100000003,610000000615,
0.0297693,µm^3,Spine,Spine Part Volume,0,1,1,100000003,610000000616,
0.0665089,µm^3,Spine,Spine Part Volume,0,1,1,100000003,610000000617,
0.0464153,µm^3,Spine,Spine Part Volume,0,1,1,100000003,610000000618,
