
Spine Part Volume Head
 ==================== 
Spine Part Volume Head,Unit,Category,Collection,Depth,Level,Time,FilamentID,ID,
0.0258963,µm^3,Spine,Spine Part Volume,0,1,1,100000000,610000000124,
0.0515088,µm^3,Spine,Spine Part Volume,0,1,1,100000000,610000000129,
0.215046,µm^3,Spine,Spine Part Volume,0,1,1,100000000,610000000131,
0.0922929,µm^3,Spine,Spine Part Volume,0,1,1,100000000,610000000143,
0.0767004,µm^3,Spine,Spine Part Volume,0,1,1,100000001,610000000276,
0.0216624,µm^3,Spine,Spine Part Volume,0,1,1,100000001,610000000280,
0.0621342,µm^3,Spine,Spine Part Volume,0,1,1,100000001,610000000286,
0.170446,µm^3,Spine,Spine Part Volume,0,1,1,100000001,610000000290,
0.255972,µm^3,Spine,Spine Part Volume,0,1,1,100000002,610000000453,
0.648129,µm^3,Spine,Spine Part Volume,0,1,1,100000002,610000000455,
0.157218,µm^3,Spine,Spine Part Volume,0,1,1,100000002,610000000459,
0.245861,µm^3,Spine,Spine Part Volume,0,1,1,100000002,610000000464,
0.0583778,µm^3,Spine,Spine Part Volume,0,1,1,100000002,610000000467,
