
Spine Part Volume Neck
 ==================== 
Spine Part Volume Neck,Unit,Category,Collection,Depth,Level,Time,FilamentID,ID,
0.0358842,µm^3,Spine,Spine Part Volume,0,1,1,100000000,610000000124,
0,µm^3,Spine,Spine Part Volume,0,1,1,100000000,610000000129,
0.500873,µm^3,Spine,Spine Part Volume,0,1,1,100000000,610000000131,
0.362564,µm^3,Spine,Spine Part Volume,0,1,1,100000000,610000000143,
0,µm^3,Spine,Spine Part Volume,0,1,1,100000001,610000000276,
0.0689569,µm^3,Spine,Spine Part Volume,0,1,1,100000001,610000000280,
0,µm^3,Spine,Spine Part Volume,0,1,1,100000001,610000000286,
0.38527,µm^3,Spine,Spine Part Volume,0,1,1,100000001,610000000290,
0,µm^3,Spine,Spine Part Volume,0,1,1,100000002,610000000453,
0,µm^3,Spine,Spine Part Volume,0,1,1,100000002,610000000455,
0.0890728,µm^3,Spine,Spine Part Volume,0,1,1,100000002,610000000459,
0.106977,µm^3,Spine,Spine Part Volume,0,1,1,100000002,610000000464,
0,µm^3,Spine,Spine Part Volume,0,1,1,100000002,610000000467,
