
Spine Part Mean Diameter Head
 ==================== 
Spine Part Mean Diameter Head,Unit,Category,Collection,Depth,Level,Time,FilamentID,ID,
0.819559,µm,Spine,Spine Part Mean Diameter,0,1,1,100000000,610000000192,
0.819952,µm,Spine,Spine Part Mean Diameter,0,1,1,100000000,610000000195,
0.65681,µm,Spine,Spine Part Mean Diameter,0,1,1,100000000,610000000200,
0.344585,µm,Spine,Spine Part Mean Diameter,0,1,1,100000000,610000000205,
0.439658,µm,Spine,Spine Part Mean Diameter,0,1,1,100000000,610000000212,
0.554726,µm,Spine,Spine Part Mean Diameter,0,1,1,100000000,610000000214,
