
Spine Part Volume Head
 ==================== 
Spine Part Volume Head,Unit,Category,Collection,Depth,Level,Time,FilamentID,ID,
0.103158,µm^3,Spine,Spine Part Volume,0,1,1,100000000,610000000203,
0.0117856,µm^3,Spine,Spine Part Volume,0,1,1,100000000,610000000217,
0.0808778,µm^3,Spine,Spine Part Volume,0,1,1,100000000,610000000224,
0.0393833,µm^3,Spine,Spine Part Volume,0,1,1,100000000,610000000237,
0.0792976,µm^3,Spine,Spine Part Volume,0,1,1,100000001,610000000459,
0.0850856,µm^3,Spine,Spine Part Volume,0,1,1,100000001,610000000472,
0.0480124,µm^3,Spine,Spine Part Volume,0,1,1,100000001,610000000488,
0.0406957,µm^3,Spine,Spine Part Volume,0,1,1,100000002,610000000644,
0.0715723,µm^3,Spine,Spine Part Volume,0,1,1,100000002,610000000655,
0.0332373,µm^3,Spine,Spine Part Volume,0,1,1,100000003,610000000793,
0.0186963,µm^3,Spine,Spine Part Volume,0,1,1,100000003,610000000808,
0.0277573,µm^3,Spine,Spine Part Volume,0,1,1,100000004,610000000946,
0.0423108,µm^3,Spine,Spine Part Volume,0,1,1,100000004,610000000950,
0.0406045,µm^3,Spine,Spine Part Volume,0,1,1,100000004,610000000957,
0.265374,µm^3,Spine,Spine Part Volume,0,1,1,100000005,610000001103,
0.0117193,µm^3,Spine,Spine Part Volume,0,1,1,100000005,610000001119,
0.0160151,µm^3,Spine,Spine Part Volume,0,1,1,100000005,610000001123,
0.0469157,µm^3,Spine,Spine Part Volume,0,1,1,100000005,610000001130,
