
Spine Part Max Diameter Neck
 ==================== 
Spine Part Max Diameter Neck,Unit,Category,Collection,Depth,Level,Time,FilamentID,ID,
0.784629,µm,Spine,Spine Part Max Diameter,0,1,1,100000000,610000000116,
0,µm,Spine,Spine Part Max Diameter,0,1,1,100000000,610000000123,
1.16132,µm,Spine,Spine Part Max Diameter,0,1,1,100000000,610000000125,
0,µm,Spine,Spine Part Max Diameter,0,1,1,100000000,610000000131,
0.920199,µm,Spine,Spine Part Max Diameter,0,1,1,100000001,610000000276,
0,µm,Spine,Spine Part Max Diameter,0,1,1,100000002,610000000423,
0.742095,µm,Spine,Spine Part Max Diameter,0,1,1,100000002,610000000425,
0,µm,Spine,Spine Part Max Diameter,0,1,1,100000002,610000000428,
0,µm,Spine,Spine Part Max Diameter,0,1,1,100000002,610000000432,
0,µm,Spine,Spine Part Max Diameter,0,1,1,100000002,610000000436,
1.17532,µm,Spine,Spine Part Max Diameter,0,1,1,100000002,610000000440,
0,µm,Spine,Spine Part Max Diameter,0,1,1,100000002,610000000451,
