
Spine Part Max Diameter Head
 ==================== 
Spine Part Max Diameter Head,Unit,Category,Collection,Depth,Level,Time,FilamentID,ID,
0.22,µm,Spine,Spine Part Max Diameter,0,1,1,100000000,610000000170,
0.576053,µm,Spine,Spine Part Max Diameter,0,1,1,100000000,610000000173,
0.560259,µm,Spine,Spine Part Max Diameter,0,1,1,100000000,610000000177,
0.586373,µm,Spine,Spine Part Max Diameter,0,1,1,100000000,610000000183,
0.923835,µm,Spine,Spine Part Max Diameter,0,1,1,100000000,610000000187,
0.913502,µm,Spine,Spine Part Max Diameter,0,1,1,100000000,610000000190,
0.586159,µm,Spine,Spine Part Max Diameter,0,1,1,100000000,610000000208,
0.325011,µm,Spine,Spine Part Max Diameter,0,1,1,100000001,610000000328,
0.449934,µm,Spine,Spine Part Max Diameter,0,1,1,100000001,610000000331,
0.455458,µm,Spine,Spine Part Max Diameter,0,1,1,100000001,610000000338,
0.357207,µm,Spine,Spine Part Max Diameter,0,1,1,100000001,610000000344,
0.703947,µm,Spine,Spine Part Max Diameter,0,1,1,100000001,610000000347,
0.572254,µm,Spine,Spine Part Max Diameter,0,1,1,100000001,610000000352,
0.53553,µm,Spine,Spine Part Max Diameter,0,1,1,100000001,610000000355,
0.780584,µm,Spine,Spine Part Max Diameter,0,1,1,100000001,610000000363,
0.371648,µm,Spine,Spine Part Max Diameter,0,1,1,100000001,610000000373,
0.841154,µm,Spine,Spine Part Max Diameter,0,1,1,100000001,610000000376,
0.96051,µm,Spine,Spine Part Max Diameter,0,1,1,100000002,610000000480,
0.809557,µm,Spine,Spine Part Max Diameter,0,1,1,100000002,610000000486,
0.866685,µm,Spine,Spine Part Max Diameter,0,1,1,100000002,610000000492,
0.606103,µm,Spine,Spine Part Max Diameter,0,1,1,100000002,610000000494,
0.457852,µm,Spine,Spine Part Max Diameter,0,1,1,100000002,610000000496,
0.788679,µm,Spine,Spine Part Max Diameter,0,1,1,100000002,610000000503,
0.522972,µm,Spine,Spine Part Max Diameter,0,1,1,100000002,610000000511,
0.419563,µm,Spine,Spine Part Max Diameter,0,1,1,100000002,610000000513,
0.893112,µm,Spine,Spine Part Max Diameter,0,1,1,100000002,610000000514,
0.693724,µm,Spine,Spine Part Max Diameter,0,1,1,100000003,610000000645,
0.422129,µm,Spine,Spine Part Max Diameter,0,1,1,100000003,610000000648,
