
Spine Part Volume Neck
 ==================== 
Spine Part Volume Neck,Unit,Category,Collection,Depth,Level,Time,FilamentID,ID,
0,µm^3,Spine,Spine Part Volume,0,1,1,100000000,610000000176,
0.266735,µm^3,Spine,Spine Part Volume,0,1,1,100000000,610000000180,
0.42701,µm^3,Spine,Spine Part Volume,0,1,1,100000000,610000000190,
0.114248,µm^3,Spine,Spine Part Volume,0,1,1,100000000,610000000200,
0.552454,µm^3,Spine,Spine Part Volume,0,1,1,100000000,610000000205,
0.262605,µm^3,Spine,Spine Part Volume,0,1,1,100000000,610000000216,
0.139435,µm^3,Spine,Spine Part Volume,0,1,1,100000000,610000000226,
0.178251,µm^3,Spine,Spine Part Volume,0,1,1,100000000,610000000233,
0.957393,µm^3,Spine,Spine Part Volume,0,1,1,100000000,610000000242,
0.12359,µm^3,Spine,Spine Part Volume,0,1,1,100000000,610000000262,
0.495808,µm^3,Spine,Spine Part Volume,0,1,1,100000000,610000000269,
0.155641,µm^3,Spine,Spine Part Volume,0,1,1,100000000,610000000281,
0.124334,µm^3,Spine,Spine Part Volume,0,1,1,100000000,610000000288,
0.639265,µm^3,Spine,Spine Part Volume,0,1,1,100000000,610000000295,
