
Spine Part Volume Head
 ==================== 
Spine Part Volume Head,Unit,Category,Collection,Depth,Level,Time,FilamentID,ID,
0.00890237,µm^3,Spine,Spine Part Volume,0,1,1,100000000,610000000212,
0.139324,µm^3,Spine,Spine Part Volume,0,1,1,100000000,610000000215,
0.0568519,µm^3,Spine,Spine Part Volume,0,1,1,100000000,610000000223,
0.0345993,µm^3,Spine,Spine Part Volume,0,1,1,100000000,610000000232,
0.0923999,µm^3,Spine,Spine Part Volume,0,1,1,100000000,610000000249,
0.216125,µm^3,Spine,Spine Part Volume,0,1,1,100000000,610000000255,
0.171621,µm^3,Spine,Spine Part Volume,0,1,1,100000000,610000000280,
0.0174579,µm^3,Spine,Spine Part Volume,0,1,1,100000000,610000000284,
0.056245,µm^3,Spine,Spine Part Volume,0,1,1,100000000,610000000289,
0.0660327,µm^3,Spine,Spine Part Volume,0,1,1,100000000,610000000294,
0.118668,µm^3,Spine,Spine Part Volume,0,1,1,100000000,610000000304,
0.0447547,µm^3,Spine,Spine Part Volume,0,1,1,100000000,610000000314,
0.131876,µm^3,Spine,Spine Part Volume,0,1,1,100000000,610000000318,
0.194893,µm^3,Spine,Spine Part Volume,0,1,1,100000000,610000000325,
0.115884,µm^3,Spine,Spine Part Volume,0,1,1,100000000,610000000329,
0.70829,µm^3,Spine,Spine Part Volume,0,1,1,100000000,610000000350,
0.352154,µm^3,Spine,Spine Part Volume,0,1,1,100000001,610000000536,
0.0493927,µm^3,Spine,Spine Part Volume,0,1,1,100000001,610000000543,
0.0135848,µm^3,Spine,Spine Part Volume,0,1,1,100000001,610000000548,
0.0894835,µm^3,Spine,Spine Part Volume,0,1,1,100000001,610000000552,
0.167607,µm^3,Spine,Spine Part Volume,0,1,1,100000001,610000000568,
0.0444992,µm^3,Spine,Spine Part Volume,0,1,1,100000001,610000000581,
0.0170913,µm^3,Spine,Spine Part Volume,0,1,1,100000001,610000000586,
0.0250786,µm^3,Spine,Spine Part Volume,0,1,1,100000001,610000000589,
0.0258717,µm^3,Spine,Spine Part Volume,0,1,1,100000001,610000000592,
0.0206422,µm^3,Spine,Spine Part Volume,0,1,1,100000001,610000000595,
0.0288122,µm^3,Spine,Spine Part Volume,0,1,1,100000001,610000000599,
0.0202322,µm^3,Spine,Spine Part Volume,0,1,1,100000002,610000000740,
0.182683,µm^3,Spine,Spine Part Volume,0,1,1,100000002,610000000744,
0.0557406,µm^3,Spine,Spine Part Volume,0,1,1,100000002,610000000759,
0.110995,µm^3,Spine,Spine Part Volume,0,1,1,100000002,610000000765,
0.546666,µm^3,Spine,Spine Part Volume,0,1,1,100000003,610000000971,
0.0629764,µm^3,Spine,Spine Part Volume,0,1,1,100000003,610000000996,
0.0331551,µm^3,Spine,Spine Part Volume,0,1,1,100000003,610000001002,
0.080753,µm^3,Spine,Spine Part Volume,0,1,1,100000003,610000001012,
0.0209225,µm^3,Spine,Spine Part Volume,0,1,1,100000003,610000001021,
0.0751595,µm^3,Spine,Spine Part Volume,0,1,1,100000003,610000001026,
0.384267,µm^3,Spine,Spine Part Volume,0,1,1,100000003,610000001036,
0.0222778,µm^3,Spine,Spine Part Volume,0,1,1,100000004,610000001279,
0.0103925,µm^3,Spine,Spine Part Volume,0,1,1,100000004,610000001284,
0.153395,µm^3,Spine,Spine Part Volume,0,1,1,100000004,610000001289,
0.0721768,µm^3,Spine,Spine Part Volume,0,1,1,100000004,610000001300,
0.0118376,µm^3,Spine,Spine Part Volume,0,1,1,100000004,610000001305,
0.305794,µm^3,Spine,Spine Part Volume,0,1,1,100000004,610000001309,
0.0501894,µm^3,Spine,Spine Part Volume,0,1,1,100000004,610000001327,
0.0631514,µm^3,Spine,Spine Part Volume,0,1,1,100000004,610000001335,
0.0193411,µm^3,Spine,Spine Part Volume,0,1,1,100000004,610000001345,
0.0116785,µm^3,Spine,Spine Part Volume,0,1,1,100000004,610000001349,
0.153788,µm^3,Spine,Spine Part Volume,0,1,1,100000004,610000001355,
0.0191037,µm^3,Spine,Spine Part Volume,0,1,1,100000004,610000001367,
0.0420808,µm^3,Spine,Spine Part Volume,0,1,1,100000004,610000001372,
0.0412817,µm^3,Spine,Spine Part Volume,0,1,1,100000004,610000001382,
0.0355998,µm^3,Spine,Spine Part Volume,0,1,1,100000005,610000001559,
0.0206604,µm^3,Spine,Spine Part Volume,0,1,1,100000005,610000001568,
0.0546255,µm^3,Spine,Spine Part Volume,0,1,1,100000005,610000001575,
0.0237865,µm^3,Spine,Spine Part Volume,0,1,1,100000005,610000001579,
0.0339627,µm^3,Spine,Spine Part Volume,0,1,1,100000005,610000001583,
0.0147946,µm^3,Spine,Spine Part Volume,0,1,1,100000005,610000001589,
0.0177203,µm^3,Spine,Spine Part Volume,0,1,1,100000005,610000001595,
0.0115489,µm^3,Spine,Spine Part Volume,0,1,1,100000005,610000001600,
0.0359325,µm^3,Spine,Spine Part Volume,0,1,1,100000005,610000001605,
0.0251123,µm^3,Spine,Spine Part Volume,0,1,1,100000005,610000001610,
0.131417,µm^3,Spine,Spine Part Volume,0,1,1,100000005,610000001617,
0.00779863,µm^3,Spine,Spine Part Volume,0,1,1,100000005,610000001626,
0.130149,µm^3,Spine,Spine Part Volume,0,1,1,100000005,610000001633,
0.0520622,µm^3,Spine,Spine Part Volume,0,1,1,100000006,610000001769,
0.245163,µm^3,Spine,Spine Part Volume,0,1,1,100000006,610000001777,
0.143134,µm^3,Spine,Spine Part Volume,0,1,1,100000006,610000001793,
0.0269699,µm^3,Spine,Spine Part Volume,0,1,1,100000006,610000001804,
0.0982447,µm^3,Spine,Spine Part Volume,0,1,1,100000006,610000001809,
0.507653,µm^3,Spine,Spine Part Volume,0,1,1,100000006,610000001823,
0.282978,µm^3,Spine,Spine Part Volume,0,1,1,100000006,610000001826,
