
Spine Part Volume Head
 ==================== 
Spine Part Volume Head,Unit,Category,Collection,Depth,Level,Time,FilamentID,ID,
0.00278764,µm^3,Spine,Spine Part Volume,0,1,1,100000000,610000000170,
0.033833,µm^3,Spine,Spine Part Volume,0,1,1,100000000,610000000173,
0.0566959,µm^3,Spine,Spine Part Volume,0,1,1,100000000,610000000177,
0.0448065,µm^3,Spine,Spine Part Volume,0,1,1,100000000,610000000183,
0.20642,µm^3,Spine,Spine Part Volume,0,1,1,100000000,610000000187,
0.384385,µm^3,Spine,Spine Part Volume,0,1,1,100000000,610000000190,
0.0527247,µm^3,Spine,Spine Part Volume,0,1,1,100000000,610000000208,
0.00898799,µm^3,Spine,Spine Part Volume,0,1,1,100000001,610000000328,
0.0223603,µm^3,Spine,Spine Part Volume,0,1,1,100000001,610000000331,
0.0230448,µm^3,Spine,Spine Part Volume,0,1,1,100000001,610000000338,
0.0119324,µm^3,Spine,Spine Part Volume,0,1,1,100000001,610000000344,
0.114597,µm^3,Spine,Spine Part Volume,0,1,1,100000001,610000000347,
0.0490609,µm^3,Spine,Spine Part Volume,0,1,1,100000001,610000000352,
0.0906161,µm^3,Spine,Spine Part Volume,0,1,1,100000001,610000000355,
0.112753,µm^3,Spine,Spine Part Volume,0,1,1,100000001,610000000363,
0.0134389,µm^3,Spine,Spine Part Volume,0,1,1,100000001,610000000373,
0.15581,µm^3,Spine,Spine Part Volume,0,1,1,100000001,610000000376,
0.214409,µm^3,Spine,Spine Part Volume,0,1,1,100000002,610000000480,
0.1872,µm^3,Spine,Spine Part Volume,0,1,1,100000002,610000000486,
0.170432,µm^3,Spine,Spine Part Volume,0,1,1,100000002,610000000492,
0.0582919,µm^3,Spine,Spine Part Volume,0,1,1,100000002,610000000494,
0.0231538,µm^3,Spine,Spine Part Volume,0,1,1,100000002,610000000496,
0.115152,µm^3,Spine,Spine Part Volume,0,1,1,100000002,610000000503,
0.037446,µm^3,Spine,Spine Part Volume,0,1,1,100000002,610000000511,
0.0193357,µm^3,Spine,Spine Part Volume,0,1,1,100000002,610000000513,
0.186503,µm^3,Spine,Spine Part Volume,0,1,1,100000002,610000000514,
0.0874033,µm^3,Spine,Spine Part Volume,0,1,1,100000003,610000000645,
0.0200776,µm^3,Spine,Spine Part Volume,0,1,1,100000003,610000000648,
