
Spine Part Volume Head
 ==================== 
Spine Part Volume Head,Unit,Category,Collection,Depth,Level,Time,FilamentID,ID,
0.0145232,µm^3,Spine,Spine Part Volume,0,1,1,100000000,610000000149,
0.0409212,µm^3,Spine,Spine Part Volume,0,1,1,100000000,610000000155,
0.0840518,µm^3,Spine,Spine Part Volume,0,1,1,100000000,610000000157,
0.0736103,µm^3,Spine,Spine Part Volume,0,1,1,100000000,610000000165,
0.0167703,µm^3,Spine,Spine Part Volume,0,1,1,100000001,610000000383,
0.435207,µm^3,Spine,Spine Part Volume,0,1,1,100000002,610000000552,
0.0274561,µm^3,Spine,Spine Part Volume,0,1,1,100000002,610000000561,
