
Spine Part Volume Head
 ==================== 
Spine Part Volume Head,Unit,Category,Collection,Depth,Level,Time,FilamentID,ID,
0.0123341,µm^3,Spine,Spine Part Volume,0,1,1,100000000,610000000185,
0.0281156,µm^3,Spine,Spine Part Volume,0,1,1,100000000,610000000192,
0.21356,µm^3,Spine,Spine Part Volume,0,1,1,100000000,610000000200,
0.0388346,µm^3,Spine,Spine Part Volume,0,1,1,100000000,610000000222,
0.0377975,µm^3,Spine,Spine Part Volume,0,1,1,100000000,610000000233,
0.255733,µm^3,Spine,Spine Part Volume,0,1,1,100000000,610000000239,
0.111789,µm^3,Spine,Spine Part Volume,0,1,1,100000000,610000000264,
0.0245916,µm^3,Spine,Spine Part Volume,0,1,1,100000000,610000000272,
0.0109111,µm^3,Spine,Spine Part Volume,0,1,1,100000000,610000000283,
0.035506,µm^3,Spine,Spine Part Volume,0,1,1,100000000,610000000286,
0.00278764,µm^3,Spine,Spine Part Volume,0,1,1,100000000,610000000300,
0.219622,µm^3,Spine,Spine Part Volume,0,1,1,100000000,610000000303,
0.157282,µm^3,Spine,Spine Part Volume,0,1,1,100000001,610000000539,
0.0744897,µm^3,Spine,Spine Part Volume,0,1,1,100000001,610000000557,
0.17826,µm^3,Spine,Spine Part Volume,0,1,1,100000001,610000000568,
0.137789,µm^3,Spine,Spine Part Volume,0,1,1,100000001,610000000587,
0.12972,µm^3,Spine,Spine Part Volume,0,1,1,100000001,610000000612,
0.0151896,µm^3,Spine,Spine Part Volume,0,1,1,100000001,610000000624,
0.0375083,µm^3,Spine,Spine Part Volume,0,1,1,100000001,610000000628,
0.0771215,µm^3,Spine,Spine Part Volume,0,1,1,100000001,610000000633,
0.0533799,µm^3,Spine,Spine Part Volume,0,1,1,100000001,610000000648,
0.0864373,µm^3,Spine,Spine Part Volume,0,1,1,100000001,610000000654,
0.0748491,µm^3,Spine,Spine Part Volume,0,1,1,100000001,610000000672,
0.0155297,µm^3,Spine,Spine Part Volume,0,1,1,100000001,610000000686,
0.129853,µm^3,Spine,Spine Part Volume,0,1,1,100000001,610000000691,
0.227043,µm^3,Spine,Spine Part Volume,0,1,1,100000001,610000000707,
0.0360999,µm^3,Spine,Spine Part Volume,0,1,1,100000001,610000000724,
0.0409335,µm^3,Spine,Spine Part Volume,0,1,1,100000001,610000000734,
0.846384,µm^3,Spine,Spine Part Volume,0,1,1,100000001,610000000746,
0.029495,µm^3,Spine,Spine Part Volume,0,1,1,100000001,610000000750,
0.127424,µm^3,Spine,Spine Part Volume,0,1,1,100000001,610000000754,
0.0250471,µm^3,Spine,Spine Part Volume,0,1,1,100000001,610000000757,
0.0094019,µm^3,Spine,Spine Part Volume,0,1,1,100000002,610000000907,
0.0176298,µm^3,Spine,Spine Part Volume,0,1,1,100000002,610000000909,
0.00881801,µm^3,Spine,Spine Part Volume,0,1,1,100000002,610000000917,
0.092532,µm^3,Spine,Spine Part Volume,0,1,1,100000002,610000000919,
0.0550021,µm^3,Spine,Spine Part Volume,0,1,1,100000002,610000000939,
0.328944,µm^3,Spine,Spine Part Volume,0,1,1,100000002,610000000961,
0.0230538,µm^3,Spine,Spine Part Volume,0,1,1,100000002,610000000965,
0.023653,µm^3,Spine,Spine Part Volume,0,1,1,100000002,610000000978,
0.0163608,µm^3,Spine,Spine Part Volume,0,1,1,100000002,610000000981,
0.0143806,µm^3,Spine,Spine Part Volume,0,1,1,100000002,610000000985,
0.0146043,µm^3,Spine,Spine Part Volume,0,1,1,100000002,610000000990,
0.0345673,µm^3,Spine,Spine Part Volume,0,1,1,100000002,610000000992,
0.05176,µm^3,Spine,Spine Part Volume,0,1,1,100000003,610000001183,
0.0244851,µm^3,Spine,Spine Part Volume,0,1,1,100000003,610000001192,
0.0139821,µm^3,Spine,Spine Part Volume,0,1,1,100000003,610000001200,
0.0328536,µm^3,Spine,Spine Part Volume,0,1,1,100000003,610000001206,
0.0333738,µm^3,Spine,Spine Part Volume,0,1,1,100000003,610000001213,
0.0394756,µm^3,Spine,Spine Part Volume,0,1,1,100000003,610000001218,
0.0499249,µm^3,Spine,Spine Part Volume,0,1,1,100000003,610000001233,
0.0266915,µm^3,Spine,Spine Part Volume,0,1,1,100000003,610000001237,
0.175446,µm^3,Spine,Spine Part Volume,0,1,1,100000003,610000001245,
0.0142687,µm^3,Spine,Spine Part Volume,0,1,1,100000003,610000001255,
0.0157539,µm^3,Spine,Spine Part Volume,0,1,1,100000003,610000001262,
0.130706,µm^3,Spine,Spine Part Volume,0,1,1,100000003,610000001264,
0.0548811,µm^3,Spine,Spine Part Volume,0,1,1,100000003,610000001272,
0.265586,µm^3,Spine,Spine Part Volume,0,1,1,100000003,610000001285,
0.00565748,µm^3,Spine,Spine Part Volume,0,1,1,100000003,610000001309,
