
Spine Part Mean Diameter Head
 ==================== 
Spine Part Mean Diameter Head,Unit,Category,Collection,Depth,Level,Time,FilamentID,ID,
0.434626,µm,Spine,Spine Part Mean Diameter,0,1,1,100000000,610000000172,
0.312753,µm,Spine,Spine Part Mean Diameter,0,1,1,100000000,610000000187,
0.389631,µm,Spine,Spine Part Mean Diameter,0,1,1,100000000,610000000197,
0.597923,µm,Spine,Spine Part Mean Diameter,0,1,1,100000000,610000000202,
0.351232,µm,Spine,Spine Part Mean Diameter,0,1,1,100000000,610000000219,
