
Spine Part Mean Diameter Neck
 ==================== 
Spine Part Mean Diameter Neck,Unit,Category,Collection,Depth,Level,Time,FilamentID,ID,
1.07337,µm,Spine,Spine Part Mean Diameter,0,1,1,100000000,610000000138,
0,µm,Spine,Spine Part Mean Diameter,0,1,1,100000001,610000000270,
1.34211,µm,Spine,Spine Part Mean Diameter,0,1,1,100000001,610000000274,
0.844237,µm,Spine,Spine Part Mean Diameter,0,1,1,100000001,610000000281,
0,µm,Spine,Spine Part Mean Diameter,0,1,1,100000001,610000000284,
