
Spine Part Volume Neck
 ==================== 
Spine Part Volume Neck,Unit,Category,Collection,Depth,Level,Time,FilamentID,ID,
0.0816484,µm^3,Spine,Spine Part Volume,0,1,1,100000000,610000000183,
0,µm^3,Spine,Spine Part Volume,0,1,1,100000000,610000000188,
0.457916,µm^3,Spine,Spine Part Volume,0,1,1,100000000,610000000192,
0.0321472,µm^3,Spine,Spine Part Volume,0,1,1,100000000,610000000203,
0.818177,µm^3,Spine,Spine Part Volume,0,1,1,100000000,610000000206,
0.173168,µm^3,Spine,Spine Part Volume,0,1,1,100000001,610000000348,
0.225383,µm^3,Spine,Spine Part Volume,0,1,1,100000001,610000000353,
0,µm^3,Spine,Spine Part Volume,0,1,1,100000001,610000000360,
