
Spine Part Volume Neck
 ==================== 
Spine Part Volume Neck,Unit,Category,Collection,Depth,Level,Time,FilamentID,ID,
0.266853,µm^3,Spine,Spine Part Volume,0,1,1,100000000,610000000203,
0.121451,µm^3,Spine,Spine Part Volume,0,1,1,100000000,610000000217,
0.476642,µm^3,Spine,Spine Part Volume,0,1,1,100000000,610000000224,
0.198502,µm^3,Spine,Spine Part Volume,0,1,1,100000000,610000000237,
0.313305,µm^3,Spine,Spine Part Volume,0,1,1,100000001,610000000459,
0.19706,µm^3,Spine,Spine Part Volume,0,1,1,100000001,610000000472,
0.21979,µm^3,Spine,Spine Part Volume,0,1,1,100000001,610000000488,
0.343268,µm^3,Spine,Spine Part Volume,0,1,1,100000002,610000000644,
0.964683,µm^3,Spine,Spine Part Volume,0,1,1,100000002,610000000655,
0.406506,µm^3,Spine,Spine Part Volume,0,1,1,100000003,610000000793,
0.0284573,µm^3,Spine,Spine Part Volume,0,1,1,100000003,610000000808,
0,µm^3,Spine,Spine Part Volume,0,1,1,100000004,610000000946,
0.176021,µm^3,Spine,Spine Part Volume,0,1,1,100000004,610000000950,
0.338145,µm^3,Spine,Spine Part Volume,0,1,1,100000004,610000000957,
0.160198,µm^3,Spine,Spine Part Volume,0,1,1,100000005,610000001103,
0,µm^3,Spine,Spine Part Volume,0,1,1,100000005,610000001119,
0.165734,µm^3,Spine,Spine Part Volume,0,1,1,100000005,610000001123,
0.331046,µm^3,Spine,Spine Part Volume,0,1,1,100000005,610000001130,
