
Spine Part Volume Neck
 ==================== 
Spine Part Volume Neck,Unit,Category,Collection,Depth,Level,Time,FilamentID,ID,
0.0176409,µm^3,Spine,Spine Part Volume,0,1,1,100000000,610000000212,
0.16676,µm^3,Spine,Spine Part Volume,0,1,1,100000000,610000000215,
0.125597,µm^3,Spine,Spine Part Volume,0,1,1,100000000,610000000223,
0.0549405,µm^3,Spine,Spine Part Volume,0,1,1,100000000,610000000232,
0.182074,µm^3,Spine,Spine Part Volume,0,1,1,100000000,610000000249,
0.267029,µm^3,Spine,Spine Part Volume,0,1,1,100000000,610000000255,
0,µm^3,Spine,Spine Part Volume,0,1,1,100000000,610000000280,
0.0263391,µm^3,Spine,Spine Part Volume,0,1,1,100000000,610000000284,
0.0488466,µm^3,Spine,Spine Part Volume,0,1,1,100000000,610000000289,
0.507016,µm^3,Spine,Spine Part Volume,0,1,1,100000000,610000000294,
0.562296,µm^3,Spine,Spine Part Volume,0,1,1,100000000,610000000304,
0,µm^3,Spine,Spine Part Volume,0,1,1,100000000,610000000314,
0.319916,µm^3,Spine,Spine Part Volume,0,1,1,100000000,610000000318,
0,µm^3,Spine,Spine Part Volume,0,1,1,100000000,610000000325,
0.0532911,µm^3,Spine,Spine Part Volume,0,1,1,100000000,610000000329,
0.306955,µm^3,Spine,Spine Part Volume,0,1,1,100000000,610000000350,
0.503872,µm^3,Spine,Spine Part Volume,0,1,1,100000001,610000000536,
0.0483521,µm^3,Spine,Spine Part Volume,0,1,1,100000001,610000000543,
0,µm^3,Spine,Spine Part Volume,0,1,1,100000001,610000000548,
0.564811,µm^3,Spine,Spine Part Volume,0,1,1,100000001,610000000552,
1.08506,µm^3,Spine,Spine Part Volume,0,1,1,100000001,610000000568,
0.0446931,µm^3,Spine,Spine Part Volume,0,1,1,100000001,610000000581,
0.0235575,µm^3,Spine,Spine Part Volume,0,1,1,100000001,610000000586,
0.0269054,µm^3,Spine,Spine Part Volume,0,1,1,100000001,610000000589,
0.0291351,µm^3,Spine,Spine Part Volume,0,1,1,100000001,610000000592,
0,µm^3,Spine,Spine Part Volume,0,1,1,100000001,610000000595,
0.102756,µm^3,Spine,Spine Part Volume,0,1,1,100000001,610000000599,
0,µm^3,Spine,Spine Part Volume,0,1,1,100000002,610000000740,
1.28522,µm^3,Spine,Spine Part Volume,0,1,1,100000002,610000000744,
0.118758,µm^3,Spine,Spine Part Volume,0,1,1,100000002,610000000759,
0.083861,µm^3,Spine,Spine Part Volume,0,1,1,100000002,610000000765,
0.615145,µm^3,Spine,Spine Part Volume,0,1,1,100000003,610000000971,
0.168494,µm^3,Spine,Spine Part Volume,0,1,1,100000003,610000000996,
0.333681,µm^3,Spine,Spine Part Volume,0,1,1,100000003,610000001002,
0.246304,µm^3,Spine,Spine Part Volume,0,1,1,100000003,610000001012,
0.030426,µm^3,Spine,Spine Part Volume,0,1,1,100000003,610000001021,
0.313098,µm^3,Spine,Spine Part Volume,0,1,1,100000003,610000001026,
0.445029,µm^3,Spine,Spine Part Volume,0,1,1,100000003,610000001036,
0.0290423,µm^3,Spine,Spine Part Volume,0,1,1,100000004,610000001279,
0.015329,µm^3,Spine,Spine Part Volume,0,1,1,100000004,610000001284,
0.722849,µm^3,Spine,Spine Part Volume,0,1,1,100000004,610000001289,
0.0497914,µm^3,Spine,Spine Part Volume,0,1,1,100000004,610000001300,
0,µm^3,Spine,Spine Part Volume,0,1,1,100000004,610000001305,
1.43338,µm^3,Spine,Spine Part Volume,0,1,1,100000004,610000001309,
0.0848678,µm^3,Spine,Spine Part Volume,0,1,1,100000004,610000001327,
0.445291,µm^3,Spine,Spine Part Volume,0,1,1,100000004,610000001335,
0,µm^3,Spine,Spine Part Volume,0,1,1,100000004,610000001345,
0.0688076,µm^3,Spine,Spine Part Volume,0,1,1,100000004,610000001349,
0.601338,µm^3,Spine,Spine Part Volume,0,1,1,100000004,610000001355,
0.0281203,µm^3,Spine,Spine Part Volume,0,1,1,100000004,610000001367,
0.349741,µm^3,Spine,Spine Part Volume,0,1,1,100000004,610000001372,
0.10426,µm^3,Spine,Spine Part Volume,0,1,1,100000004,610000001382,
0.210231,µm^3,Spine,Spine Part Volume,0,1,1,100000005,610000001559,
0.174826,µm^3,Spine,Spine Part Volume,0,1,1,100000005,610000001568,
0,µm^3,Spine,Spine Part Volume,0,1,1,100000005,610000001575,
0,µm^3,Spine,Spine Part Volume,0,1,1,100000005,610000001579,
0.110967,µm^3,Spine,Spine Part Volume,0,1,1,100000005,610000001583,
0.0800743,µm^3,Spine,Spine Part Volume,0,1,1,100000005,610000001589,
0.0225131,µm^3,Spine,Spine Part Volume,0,1,1,100000005,610000001595,
0.0220182,µm^3,Spine,Spine Part Volume,0,1,1,100000005,610000001600,
0.0360283,µm^3,Spine,Spine Part Volume,0,1,1,100000005,610000001605,
0.128616,µm^3,Spine,Spine Part Volume,0,1,1,100000005,610000001610,
0.374016,µm^3,Spine,Spine Part Volume,0,1,1,100000005,610000001617,
0.0709337,µm^3,Spine,Spine Part Volume,0,1,1,100000005,610000001626,
0.41697,µm^3,Spine,Spine Part Volume,0,1,1,100000005,610000001633,
0.0747244,µm^3,Spine,Spine Part Volume,0,1,1,100000006,610000001769,
0.404241,µm^3,Spine,Spine Part Volume,0,1,1,100000006,610000001777,
0.448998,µm^3,Spine,Spine Part Volume,0,1,1,100000006,610000001793,
0.0333067,µm^3,Spine,Spine Part Volume,0,1,1,100000006,610000001804,
0.798079,µm^3,Spine,Spine Part Volume,0,1,1,100000006,610000001809,
0.15607,µm^3,Spine,Spine Part Volume,0,1,1,100000006,610000001823,
0.211798,µm^3,Spine,Spine Part Volume,0,1,1,100000006,610000001826,
