
Spine Part Volume Head
 ==================== 
Spine Part Volume Head,Unit,Category,Collection,Depth,Level,Time,FilamentID,ID,
0.0464098,µm^3,Spine,Spine Part Volume,0,1,1,100000000,610000000173,
0.140402,µm^3,Spine,Spine Part Volume,0,1,1,100000000,610000000179,
0.0263107,µm^3,Spine,Spine Part Volume,0,1,1,100000000,610000000183,
0.110249,µm^3,Spine,Spine Part Volume,0,1,1,100000000,610000000186,
0.0282413,µm^3,Spine,Spine Part Volume,0,1,1,100000000,610000000190,
0.0532546,µm^3,Spine,Spine Part Volume,0,1,1,100000000,610000000192,
0.0461307,µm^3,Spine,Spine Part Volume,0,1,1,100000000,610000000198,
0.0624062,µm^3,Spine,Spine Part Volume,0,1,1,100000000,610000000201,
0.0100903,µm^3,Spine,Spine Part Volume,0,1,1,100000000,610000000207,
0.622942,µm^3,Spine,Spine Part Volume,0,1,1,100000000,610000000209,
0.0560434,µm^3,Spine,Spine Part Volume,0,1,1,100000000,610000000213,
