
Spine Part Max Diameter Head
 ==================== 
Spine Part Max Diameter Head,Unit,Category,Collection,Depth,Level,Time,FilamentID,ID,
0.819559,µm,Spine,Spine Part Max Diameter,0,1,1,100000000,610000000192,
0.933473,µm,Spine,Spine Part Max Diameter,0,1,1,100000000,610000000195,
0.803808,µm,Spine,Spine Part Max Diameter,0,1,1,100000000,610000000200,
0.428213,µm,Spine,Spine Part Max Diameter,0,1,1,100000000,610000000205,
0.439658,µm,Spine,Spine Part Max Diameter,0,1,1,100000000,610000000212,
0.554726,µm,Spine,Spine Part Max Diameter,0,1,1,100000000,610000000214,
