
Spine Part Volume Neck
 ==================== 
Spine Part Volume Neck,Unit,Category,Collection,Depth,Level,Time,FilamentID,ID,
0.151074,µm^3,Spine,Spine Part Volume,0,1,1,100000000,610000000185,
0.0834545,µm^3,Spine,Spine Part Volume,0,1,1,100000000,610000000192,
1.43157,µm^3,Spine,Spine Part Volume,0,1,1,100000000,610000000200,
0.558768,µm^3,Spine,Spine Part Volume,0,1,1,100000000,610000000222,
0.114768,µm^3,Spine,Spine Part Volume,0,1,1,100000000,610000000233,
0.424685,µm^3,Spine,Spine Part Volume,0,1,1,100000000,610000000239,
0.186099,µm^3,Spine,Spine Part Volume,0,1,1,100000000,610000000264,
0.343306,µm^3,Spine,Spine Part Volume,0,1,1,100000000,610000000272,
0.0185796,µm^3,Spine,Spine Part Volume,0,1,1,100000000,610000000283,
0.265219,µm^3,Spine,Spine Part Volume,0,1,1,100000000,610000000286,
0.00905656,µm^3,Spine,Spine Part Volume,0,1,1,100000000,610000000300,
0.776785,µm^3,Spine,Spine Part Volume,0,1,1,100000000,610000000303,
0.707283,µm^3,Spine,Spine Part Volume,0,1,1,100000001,610000000539,
0.0406688,µm^3,Spine,Spine Part Volume,0,1,1,100000001,610000000557,
0.525688,µm^3,Spine,Spine Part Volume,0,1,1,100000001,610000000568,
0.856941,µm^3,Spine,Spine Part Volume,0,1,1,100000001,610000000587,
0.477187,µm^3,Spine,Spine Part Volume,0,1,1,100000001,610000000612,
0,µm^3,Spine,Spine Part Volume,0,1,1,100000001,610000000624,
0.0333788,µm^3,Spine,Spine Part Volume,0,1,1,100000001,610000000628,
0.0972125,µm^3,Spine,Spine Part Volume,0,1,1,100000001,610000000633,
0.092774,µm^3,Spine,Spine Part Volume,0,1,1,100000001,610000000648,
0.150848,µm^3,Spine,Spine Part Volume,0,1,1,100000001,610000000654,
0.341776,µm^3,Spine,Spine Part Volume,0,1,1,100000001,610000000672,
0.0282835,µm^3,Spine,Spine Part Volume,0,1,1,100000001,610000000686,
0.671512,µm^3,Spine,Spine Part Volume,0,1,1,100000001,610000000691,
0.482756,µm^3,Spine,Spine Part Volume,0,1,1,100000001,610000000707,
0.063875,µm^3,Spine,Spine Part Volume,0,1,1,100000001,610000000724,
0.154729,µm^3,Spine,Spine Part Volume,0,1,1,100000001,610000000734,
0,µm^3,Spine,Spine Part Volume,0,1,1,100000001,610000000746,
0,µm^3,Spine,Spine Part Volume,0,1,1,100000001,610000000750,
0.0711164,µm^3,Spine,Spine Part Volume,0,1,1,100000001,610000000754,
0,µm^3,Spine,Spine Part Volume,0,1,1,100000001,610000000757,
0,µm^3,Spine,Spine Part Volume,0,1,1,100000002,610000000907,
0.0525423,µm^3,Spine,Spine Part Volume,0,1,1,100000002,610000000909,
0,µm^3,Spine,Spine Part Volume,0,1,1,100000002,610000000917,
0.1869,µm^3,Spine,Spine Part Volume,0,1,1,100000002,610000000919,
0.216099,µm^3,Spine,Spine Part Volume,0,1,1,100000002,610000000939,
0,µm^3,Spine,Spine Part Volume,0,1,1,100000002,610000000961,
0.145122,µm^3,Spine,Spine Part Volume,0,1,1,100000002,610000000965,
0.0272758,µm^3,Spine,Spine Part Volume,0,1,1,100000002,610000000978,
0,µm^3,Spine,Spine Part Volume,0,1,1,100000002,610000000981,
0.0188079,µm^3,Spine,Spine Part Volume,0,1,1,100000002,610000000985,
0,µm^3,Spine,Spine Part Volume,0,1,1,100000002,610000000990,
0,µm^3,Spine,Spine Part Volume,0,1,1,100000002,610000000992,
0.264051,µm^3,Spine,Spine Part Volume,0,1,1,100000003,610000001183,
0.0777215,µm^3,Spine,Spine Part Volume,0,1,1,100000003,610000001192,
0.0619885,µm^3,Spine,Spine Part Volume,0,1,1,100000003,610000001200,
0.177681,µm^3,Spine,Spine Part Volume,0,1,1,100000003,610000001206,
0.0401468,µm^3,Spine,Spine Part Volume,0,1,1,100000003,610000001213,
0.0978931,µm^3,Spine,Spine Part Volume,0,1,1,100000003,610000001218,
0,µm^3,Spine,Spine Part Volume,0,1,1,100000003,610000001233,
0.0825434,µm^3,Spine,Spine Part Volume,0,1,1,100000003,610000001237,
0.179694,µm^3,Spine,Spine Part Volume,0,1,1,100000003,610000001245,
0.146471,µm^3,Spine,Spine Part Volume,0,1,1,100000003,610000001255,
0,µm^3,Spine,Spine Part Volume,0,1,1,100000003,610000001262,
0.207216,µm^3,Spine,Spine Part Volume,0,1,1,100000003,610000001264,
0.0450304,µm^3,Spine,Spine Part Volume,0,1,1,100000003,610000001272,
0.178042,µm^3,Spine,Spine Part Volume,0,1,1,100000003,610000001285,
0.0138462,µm^3,Spine,Spine Part Volume,0,1,1,100000003,610000001309,
