
Spine Part Volume Head
 ==================== 
Spine Part Volume Head,Unit,Category,Collection,Depth,Level,Time,FilamentID,ID,
0.144115,µm^3,Spine,Spine Part Volume,0,1,1,100000000,610000000192,
0.207419,µm^3,Spine,Spine Part Volume,0,1,1,100000000,610000000195,
0.110122,µm^3,Spine,Spine Part Volume,0,1,1,100000000,610000000200,
0.0248556,µm^3,Spine,Spine Part Volume,0,1,1,100000000,610000000205,
0.0222492,µm^3,Spine,Spine Part Volume,0,1,1,100000000,610000000212,
0.0446893,µm^3,Spine,Spine Part Volume,0,1,1,100000000,610000000214,
