
Spine Part Volume Neck
 ==================== 
Spine Part Volume Neck,Unit,Category,Collection,Depth,Level,Time,FilamentID,ID,
0.0334739,µm^3,Spine,Spine Part Volume,0,1,1,100000000,610000000149,
0,µm^3,Spine,Spine Part Volume,0,1,1,100000000,610000000155,
0.246461,µm^3,Spine,Spine Part Volume,0,1,1,100000000,610000000157,
0,µm^3,Spine,Spine Part Volume,0,1,1,100000000,610000000165,
0.225229,µm^3,Spine,Spine Part Volume,0,1,1,100000001,610000000383,
0.449467,µm^3,Spine,Spine Part Volume,0,1,1,100000002,610000000552,
0.0305643,µm^3,Spine,Spine Part Volume,0,1,1,100000002,610000000561,
