
Spine Part Volume Neck
 ==================== 
Spine Part Volume Neck,Unit,Category,Collection,Depth,Level,Time,FilamentID,ID,
0.328052,µm^3,Spine,Spine Part Volume,0,1,1,100000000,610000000124,
0.465072,µm^3,Spine,Spine Part Volume,0,1,1,100000000,610000000144,
0.0955821,µm^3,Spine,Spine Part Volume,0,1,1,100000000,610000000163,
0.142585,µm^3,Spine,Spine Part Volume,0,1,1,100000000,610000000176,
0.0643891,µm^3,Spine,Spine Part Volume,0,1,1,100000000,610000000187,
0.230135,µm^3,Spine,Spine Part Volume,0,1,1,100000000,610000000195,
0.231708,µm^3,Spine,Spine Part Volume,0,1,1,100000000,610000000207,
0.0736275,µm^3,Spine,Spine Part Volume,0,1,1,100000000,610000000219,
0.0639154,µm^3,Spine,Spine Part Volume,0,1,1,100000000,610000000224,
0.0297575,µm^3,Spine,Spine Part Volume,0,1,1,100000000,610000000231,
0,µm^3,Spine,Spine Part Volume,0,1,1,100000000,610000000237,
0.00645779,µm^3,Spine,Spine Part Volume,0,1,1,100000000,610000000241,
0.203931,µm^3,Spine,Spine Part Volume,0,1,1,100000000,610000000246,
0.047529,µm^3,Spine,Spine Part Volume,0,1,1,100000000,610000000269,
0.249035,µm^3,Spine,Spine Part Volume,0,1,1,100000000,610000000278,
0.0335766,µm^3,Spine,Spine Part Volume,0,1,1,100000000,610000000288,
0.157642,µm^3,Spine,Spine Part Volume,0,1,1,100000001,610000000518,
0.0195664,µm^3,Spine,Spine Part Volume,0,1,1,100000001,610000000530,
0.0526902,µm^3,Spine,Spine Part Volume,0,1,1,100000001,610000000538,
0.0268194,µm^3,Spine,Spine Part Volume,0,1,1,100000001,610000000545,
0.034226,µm^3,Spine,Spine Part Volume,0,1,1,100000001,610000000552,
0.0533114,µm^3,Spine,Spine Part Volume,0,1,1,100000001,610000000560,
0.221767,µm^3,Spine,Spine Part Volume,0,1,1,100000001,610000000567,
0.431312,µm^3,Spine,Spine Part Volume,0,1,1,100000001,610000000578,
0.132166,µm^3,Spine,Spine Part Volume,0,1,1,100000001,610000000594,
0.182703,µm^3,Spine,Spine Part Volume,0,1,1,100000001,610000000613,
0.0599303,µm^3,Spine,Spine Part Volume,0,1,1,100000001,610000000626,
0.379678,µm^3,Spine,Spine Part Volume,0,1,1,100000001,610000000634,
0,µm^3,Spine,Spine Part Volume,0,1,1,100000001,610000000649,
0.00868242,µm^3,Spine,Spine Part Volume,0,1,1,100000001,610000000653,
0.0688708,µm^3,Spine,Spine Part Volume,0,1,1,100000001,610000000658,
0.0697805,µm^3,Spine,Spine Part Volume,0,1,1,100000001,610000000671,
0.123391,µm^3,Spine,Spine Part Volume,0,1,1,100000001,610000000686,
0.806774,µm^3,Spine,Spine Part Volume,0,1,1,100000001,610000000696,
0.0349053,µm^3,Spine,Spine Part Volume,0,1,1,100000001,610000000715,
0.3222,µm^3,Spine,Spine Part Volume,0,1,1,100000001,610000000722,
