
Spine Part Mean Diameter Head
 ==================== 
Spine Part Mean Diameter Head,Unit,Category,Collection,Depth,Level,Time,FilamentID,ID,
0.328178,µm,Spine,Spine Part Mean Diameter,0,1,1,100000000,610000000149,
0.538675,µm,Spine,Spine Part Mean Diameter,0,1,1,100000000,610000000155,
0.607746,µm,Spine,Spine Part Mean Diameter,0,1,1,100000000,610000000157,
0.655124,µm,Spine,Spine Part Mean Diameter,0,1,1,100000000,610000000165,
0.279464,µm,Spine,Spine Part Mean Diameter,0,1,1,100000001,610000000383,
1.09394,µm,Spine,Spine Part Mean Diameter,0,1,1,100000002,610000000552,
0.471581,µm,Spine,Spine Part Mean Diameter,0,1,1,100000002,610000000561,
