
Spine Part Volume Neck
 ==================== 
Spine Part Volume Neck,Unit,Category,Collection,Depth,Level,Time,FilamentID,ID,
0.0248797,µm^3,Spine,Spine Part Volume,0,1,1,100000000,610000000181,
1.22437,µm^3,Spine,Spine Part Volume,0,1,1,100000000,610000000187,
1.77965,µm^3,Spine,Spine Part Volume,0,1,1,100000000,610000000208,
0.06461,µm^3,Spine,Spine Part Volume,0,1,1,100000000,610000000226,
0.421199,µm^3,Spine,Spine Part Volume,0,1,1,100000000,610000000234,
0.359761,µm^3,Spine,Spine Part Volume,0,1,1,100000000,610000000254,
0.176404,µm^3,Spine,Spine Part Volume,0,1,1,100000000,610000000265,
0.121226,µm^3,Spine,Spine Part Volume,0,1,1,100000000,610000000274,
0.517447,µm^3,Spine,Spine Part Volume,0,1,1,100000000,610000000284,
0.167618,µm^3,Spine,Spine Part Volume,0,1,1,100000000,610000000312,
0.333934,µm^3,Spine,Spine Part Volume,0,1,1,100000000,610000000322,
0.0881142,µm^3,Spine,Spine Part Volume,0,1,1,100000000,610000000342,
0.751116,µm^3,Spine,Spine Part Volume,0,1,1,100000000,610000000348,
0,µm^3,Spine,Spine Part Volume,0,1,1,100000000,610000000363,
0.35439,µm^3,Spine,Spine Part Volume,0,1,1,100000000,610000000365,
0.118434,µm^3,Spine,Spine Part Volume,0,1,1,100000000,610000000376,
0.121274,µm^3,Spine,Spine Part Volume,0,1,1,100000000,610000000385,
