
Spine Part Mean Diameter Neck
 ==================== 
Spine Part Mean Diameter Neck,Unit,Category,Collection,Depth,Level,Time,FilamentID,ID,
0.800791,µm,Spine,Spine Part Mean Diameter,0,1,1,100000000,610000000172,
0.53161,µm,Spine,Spine Part Mean Diameter,0,1,1,100000000,610000000187,
0.582776,µm,Spine,Spine Part Mean Diameter,0,1,1,100000000,610000000197,
0.875407,µm,Spine,Spine Part Mean Diameter,0,1,1,100000000,610000000202,
0.872834,µm,Spine,Spine Part Mean Diameter,0,1,1,100000000,610000000219,
