
Pt Time Type=Spine Attachment
 ==================== 
Pt Time,Unit,Category,Depth,Time,Type,FilamentID,ID,
0,s,Point,0,1,Spine Attachment,100000000,800000001,
0,s,Point,0,1,Spine Attachment,100000000,800000002,
0,s,Point,0,1,Spine Attachment,100000000,800000003,
0,s,Point,0,1,Spine Attachment,100000000,800000004,
0,s,Point,0,1,Spine Attachment,100000000,800000005,
0,s,Point,0,1,Spine Attachment,100000000,800000006,
0,s,Point,0,1,Spine Attachment,100000000,800000007,
0,s,Point,0,1,Spine Attachment,100000000,800000008,
0,s,Point,0,1,Spine Attachment,100000000,800000009,
0,s,Point,0,1,Spine Attachment,100000000,800000010,
0,s,Point,0,1,Spine Attachment,100000000,800000011,
0,s,Point,0,1,Spine Attachment,100000000,800000012,
0,s,Point,0,1,Spine Attachment,100000000,800000013,
0,s,Point,0,1,Spine Attachment,100000000,800000014,
