
Spine Part Volume
 ==================== 
Spine Part Volume Ground,Spine Part Volume Head,Spine Part Volume Neck,Unit,Category,Collection,Depth,Level,Time,FilamentID,ID,
0.144962,0.00757326,0.0248797,µm^3,Spine,Spine Part Volume,0,1,1,100000000,610000000181,
1.17788,0.106145,1.22437,µm^3,Spine,Spine Part Volume,0,1,1,100000000,610000000187,
1.40984,0.158107,1.77965,µm^3,Spine,Spine Part Volume,0,1,1,100000000,610000000208,
0.46245,0.0169567,0.06461,µm^3,Spine,Spine Part Volume,0,1,1,100000000,610000000226,
0.455667,0.0758245,0.421199,µm^3,Spine,Spine Part Volume,0,1,1,100000000,610000000234,
0.647788,0.0256411,0.359761,µm^3,Spine,Spine Part Volume,0,1,1,100000000,610000000254,
0.624939,0.0256878,0.176404,µm^3,Spine,Spine Part Volume,0,1,1,100000000,610000000265,
0.623393,0.0217365,0.121226,µm^3,Spine,Spine Part Volume,0,1,1,100000000,610000000274,
1.26479,0.0360281,0.517447,µm^3,Spine,Spine Part Volume,0,1,1,100000000,610000000284,
0.5408,0.0175887,0.167618,µm^3,Spine,Spine Part Volume,0,1,1,100000000,610000000312,
0.61937,0.168525,0.333934,µm^3,Spine,Spine Part Volume,0,1,1,100000000,610000000322,
0.352037,0.0430912,0.0881142,µm^3,Spine,Spine Part Volume,0,1,1,100000000,610000000342,
1.00345,0.0879925,0.751116,µm^3,Spine,Spine Part Volume,0,1,1,100000000,610000000348,
0.0240378,0.00278764,0,µm^3,Spine,Spine Part Volume,0,1,1,100000000,610000000363,
0.461352,0.0363823,0.35439,µm^3,Spine,Spine Part Volume,0,1,1,100000000,610000000365,
0.366137,0.0257052,0.118434,µm^3,Spine,Spine Part Volume,0,1,1,100000000,610000000376,
0.364462,0.0600434,0.121274,µm^3,Spine,Spine Part Volume,0,1,1,100000000,610000000385,
