
Spine Part Volume Ground
 ==================== 
Spine Part Volume Ground,Unit,Category,Collection,Depth,Level,Time,FilamentID,ID,
0.144962,µm^3,Spine,Spine Part Volume,0,1,1,100000000,610000000181,
1.17788,µm^3,Spine,Spine Part Volume,0,1,1,100000000,610000000187,
1.40984,µm^3,Spine,Spine Part Volume,0,1,1,100000000,610000000208,
0.46245,µm^3,Spine,Spine Part Volume,0,1,1,100000000,610000000226,
0.455667,µm^3,Spine,Spine Part Volume,0,1,1,100000000,610000000234,
0.647788,µm^3,Spine,Spine Part Volume,0,1,1,100000000,610000000254,
0.624939,µm^3,Spine,Spine Part Volume,0,1,1,100000000,610000000265,
0.623393,µm^3,Spine,Spine Part Volume,0,1,1,100000000,610000000274,
1.26479,µm^3,Spine,Spine Part Volume,0,1,1,100000000,610000000284,
0.5408,µm^3,Spine,Spine Part Volume,0,1,1,100000000,610000000312,
0.61937,µm^3,Spine,Spine Part Volume,0,1,1,100000000,610000000322,
0.352037,µm^3,Spine,Spine Part Volume,0,1,1,100000000,610000000342,
1.00345,µm^3,Spine,Spine Part Volume,0,1,1,100000000,610000000348,
0.0240378,µm^3,Spine,Spine Part Volume,0,1,1,100000000,610000000363,
0.461352,µm^3,Spine,Spine Part Volume,0,1,1,100000000,610000000365,
0.366137,µm^3,Spine,Spine Part Volume,0,1,1,100000000,610000000376,
0.364462,µm^3,Spine,Spine Part Volume,0,1,1,100000000,610000000385,
