
Spine Part Volume Head
 ==================== 
Spine Part Volume Head,Unit,Category,Collection,Depth,Level,Time,FilamentID,ID,
0.00757326,µm^3,Spine,Spine Part Volume,0,1,1,100000000,610000000181,
0.106145,µm^3,Spine,Spine Part Volume,0,1,1,100000000,610000000187,
0.158107,µm^3,Spine,Spine Part Volume,0,1,1,100000000,610000000208,
0.0169567,µm^3,Spine,Spine Part Volume,0,1,1,100000000,610000000226,
0.0758245,µm^3,Spine,Spine Part Volume,0,1,1,100000000,610000000234,
0.0256411,µm^3,Spine,Spine Part Volume,0,1,1,100000000,610000000254,
0.0256878,µm^3,Spine,Spine Part Volume,0,1,1,100000000,610000000265,
0.0217365,µm^3,Spine,Spine Part Volume,0,1,1,100000000,610000000274,
0.0360281,µm^3,Spine,Spine Part Volume,0,1,1,100000000,610000000284,
0.0175887,µm^3,Spine,Spine Part Volume,0,1,1,100000000,610000000312,
0.168525,µm^3,Spine,Spine Part Volume,0,1,1,100000000,610000000322,
0.0430912,µm^3,Spine,Spine Part Volume,0,1,1,100000000,610000000342,
0.0879925,µm^3,Spine,Spine Part Volume,0,1,1,100000000,610000000348,
0.00278764,µm^3,Spine,Spine Part Volume,0,1,1,100000000,610000000363,
0.0363823,µm^3,Spine,Spine Part Volume,0,1,1,100000000,610000000365,
0.0257052,µm^3,Spine,Spine Part Volume,0,1,1,100000000,610000000376,
0.0600434,µm^3,Spine,Spine Part Volume,0,1,1,100000000,610000000385,
