
Spine Part Length
 ==================== 
Spine Part Length Ground,Spine Part Length Head,Spine Part Length Neck,Unit,Category,Collection,Depth,Level,Time,FilamentID,ID,
0.229527,0.221409,0.223147,µm,Spine,Spine Part Length,0,1,1,100000000,610000000181,
0.567853,0.768799,1.11926,µm,Spine,Spine Part Length,0,1,1,100000000,610000000187,
0.60936,0.583912,0.982888,µm,Spine,Spine Part Length,0,1,1,100000000,610000000208,
0.617273,0.340753,0.264855,µm,Spine,Spine Part Length,0,1,1,100000000,610000000226,
0.682571,0.718736,1.0046,µm,Spine,Spine Part Length,0,1,1,100000000,610000000234,
0.332361,0.340976,0.576552,µm,Spine,Spine Part Length,0,1,1,100000000,610000000254,
0.447219,0.329898,0.333837,µm,Spine,Spine Part Length,0,1,1,100000000,610000000265,
0.612244,0.355357,0.399981,µm,Spine,Spine Part Length,0,1,1,100000000,610000000274,
1.08375,0.907194,1.36806,µm,Spine,Spine Part Length,0,1,1,100000000,610000000284,
0.539466,0.336908,0.462715,µm,Spine,Spine Part Length,0,1,1,100000000,610000000312,
0.696105,0.693496,0.905641,µm,Spine,Spine Part Length,0,1,1,100000000,610000000322,
0.441822,0.330861,0.23106,µm,Spine,Spine Part Length,0,1,1,100000000,610000000342,
0.499799,0.467829,0.779392,µm,Spine,Spine Part Length,0,1,1,100000000,610000000348,
0.171295,0.11,0,µm,Spine,Spine Part Length,0,1,1,100000000,610000000363,
0.519052,0.349302,0.595879,µm,Spine,Spine Part Length,0,1,1,100000000,610000000365,
0.382083,0.330645,0.33176,µm,Spine,Spine Part Length,0,1,1,100000000,610000000376,
0.354621,0.3822,0.219601,µm,Spine,Spine Part Length,0,1,1,100000000,610000000385,
