
Spine Part Length Ground
 ==================== 
Spine Part Length Ground,Unit,Category,Collection,Depth,Level,Time,FilamentID,ID,
0.229527,µm,Spine,Spine Part Length,0,1,1,100000000,610000000181,
0.567853,µm,Spine,Spine Part Length,0,1,1,100000000,610000000187,
0.60936,µm,Spine,Spine Part Length,0,1,1,100000000,610000000208,
0.617273,µm,Spine,Spine Part Length,0,1,1,100000000,610000000226,
0.682571,µm,Spine,Spine Part Length,0,1,1,100000000,610000000234,
0.332361,µm,Spine,Spine Part Length,0,1,1,100000000,610000000254,
0.447219,µm,Spine,Spine Part Length,0,1,1,100000000,610000000265,
0.612244,µm,Spine,Spine Part Length,0,1,1,100000000,610000000274,
1.08375,µm,Spine,Spine Part Length,0,1,1,100000000,610000000284,
0.539466,µm,Spine,Spine Part Length,0,1,1,100000000,610000000312,
0.696105,µm,Spine,Spine Part Length,0,1,1,100000000,610000000322,
0.441822,µm,Spine,Spine Part Length,0,1,1,100000000,610000000342,
0.499799,µm,Spine,Spine Part Length,0,1,1,100000000,610000000348,
0.171295,µm,Spine,Spine Part Length,0,1,1,100000000,610000000363,
0.519052,µm,Spine,Spine Part Length,0,1,1,100000000,610000000365,
0.382083,µm,Spine,Spine Part Length,0,1,1,100000000,610000000376,
0.354621,µm,Spine,Spine Part Length,0,1,1,100000000,610000000385,
