
Spine Part Volume Ground
 ==================== 
Spine Part Volume Ground,Unit,Category,Collection,Depth,Level,Time,FilamentID,ID,
0.160459,µm^3,Spine,Spine Part Volume,0,1,1,100000000,610000000185,
1.02633,µm^3,Spine,Spine Part Volume,0,1,1,100000000,610000000188,
0.105344,µm^3,Spine,Spine Part Volume,0,1,1,100000000,610000000195,
0.166686,µm^3,Spine,Spine Part Volume,0,1,1,100000000,610000000197,
0.758061,µm^3,Spine,Spine Part Volume,0,1,1,100000000,610000000199,
0.258262,µm^3,Spine,Spine Part Volume,0,1,1,100000000,610000000205,
0.303492,µm^3,Spine,Spine Part Volume,0,1,1,100000000,610000000207,
0.161539,µm^3,Spine,Spine Part Volume,0,1,1,100000000,610000000209,
0.311452,µm^3,Spine,Spine Part Volume,0,1,1,100000000,610000000213,
0.395993,µm^3,Spine,Spine Part Volume,0,1,1,100000000,610000000216,
0.273024,µm^3,Spine,Spine Part Volume,0,1,1,100000000,610000000222,
0.149223,µm^3,Spine,Spine Part Volume,0,1,1,100000000,610000000223,
0.0414247,µm^3,Spine,Spine Part Volume,0,1,1,100000000,610000000224,
0.0360167,µm^3,Spine,Spine Part Volume,0,1,1,100000001,610000000349,
0.341177,µm^3,Spine,Spine Part Volume,0,1,1,100000001,610000000351,
0.108624,µm^3,Spine,Spine Part Volume,0,1,1,100000001,610000000354,
0.325534,µm^3,Spine,Spine Part Volume,0,1,1,100000001,610000000356,
0.132706,µm^3,Spine,Spine Part Volume,0,1,1,100000001,610000000359,
0.120428,µm^3,Spine,Spine Part Volume,0,1,1,100000001,610000000362,
0.307968,µm^3,Spine,Spine Part Volume,0,1,1,100000001,610000000368,
0.487052,µm^3,Spine,Spine Part Volume,0,1,1,100000001,610000000376,
0.302074,µm^3,Spine,Spine Part Volume,0,1,1,100000001,610000000381,
0.404278,µm^3,Spine,Spine Part Volume,0,1,1,100000001,610000000384,
0.210336,µm^3,Spine,Spine Part Volume,0,1,1,100000001,610000000393,
0.36482,µm^3,Spine,Spine Part Volume,0,1,1,100000001,610000000395,
0.54362,µm^3,Spine,Spine Part Volume,0,1,1,100000001,610000000400,
0.382126,µm^3,Spine,Spine Part Volume,0,1,1,100000001,610000000404,
0.189127,µm^3,Spine,Spine Part Volume,0,1,1,100000001,610000000412,
0.251533,µm^3,Spine,Spine Part Volume,0,1,1,100000001,610000000414,
0.928621,µm^3,Spine,Spine Part Volume,0,1,1,100000002,610000000621,
0.225318,µm^3,Spine,Spine Part Volume,0,1,1,100000002,610000000627,
0.4165,µm^3,Spine,Spine Part Volume,0,1,1,100000002,610000000632,
0.203877,µm^3,Spine,Spine Part Volume,0,1,1,100000002,610000000635,
0.648688,µm^3,Spine,Spine Part Volume,0,1,1,100000002,610000000645,
0.506128,µm^3,Spine,Spine Part Volume,0,1,1,100000002,610000000650,
0.190235,µm^3,Spine,Spine Part Volume,0,1,1,100000002,610000000654,
0.524087,µm^3,Spine,Spine Part Volume,0,1,1,100000002,610000000656,
0.512263,µm^3,Spine,Spine Part Volume,0,1,1,100000002,610000000661,
0.360907,µm^3,Spine,Spine Part Volume,0,1,1,100000002,610000000662,
