
Spine Part Volume Neck
 ==================== 
Spine Part Volume Neck,Unit,Category,Collection,Depth,Level,Time,FilamentID,ID,
0.0297439,µm^3,Spine,Spine Part Volume,0,1,1,100000000,610000000185,
0.7489,µm^3,Spine,Spine Part Volume,0,1,1,100000000,610000000188,
0,µm^3,Spine,Spine Part Volume,0,1,1,100000000,610000000195,
0,µm^3,Spine,Spine Part Volume,0,1,1,100000000,610000000197,
0.290265,µm^3,Spine,Spine Part Volume,0,1,1,100000000,610000000199,
0,µm^3,Spine,Spine Part Volume,0,1,1,100000000,610000000205,
0,µm^3,Spine,Spine Part Volume,0,1,1,100000000,610000000207,
0,µm^3,Spine,Spine Part Volume,0,1,1,100000000,610000000209,
0.102241,µm^3,Spine,Spine Part Volume,0,1,1,100000000,610000000213,
0.0825921,µm^3,Spine,Spine Part Volume,0,1,1,100000000,610000000216,
0,µm^3,Spine,Spine Part Volume,0,1,1,100000000,610000000222,
0,µm^3,Spine,Spine Part Volume,0,1,1,100000000,610000000223,
0,µm^3,Spine,Spine Part Volume,0,1,1,100000000,610000000224,
0,µm^3,Spine,Spine Part Volume,0,1,1,100000001,610000000349,
0.0568341,µm^3,Spine,Spine Part Volume,0,1,1,100000001,610000000351,
0,µm^3,Spine,Spine Part Volume,0,1,1,100000001,610000000354,
0.108287,µm^3,Spine,Spine Part Volume,0,1,1,100000001,610000000356,
0.0331767,µm^3,Spine,Spine Part Volume,0,1,1,100000001,610000000359,
0.0828744,µm^3,Spine,Spine Part Volume,0,1,1,100000001,610000000362,
0.135817,µm^3,Spine,Spine Part Volume,0,1,1,100000001,610000000368,
0.113071,µm^3,Spine,Spine Part Volume,0,1,1,100000001,610000000376,
0.045723,µm^3,Spine,Spine Part Volume,0,1,1,100000001,610000000381,
0.205614,µm^3,Spine,Spine Part Volume,0,1,1,100000001,610000000384,
0,µm^3,Spine,Spine Part Volume,0,1,1,100000001,610000000393,
0,µm^3,Spine,Spine Part Volume,0,1,1,100000001,610000000395,
0,µm^3,Spine,Spine Part Volume,0,1,1,100000001,610000000400,
0.121398,µm^3,Spine,Spine Part Volume,0,1,1,100000001,610000000404,
0,µm^3,Spine,Spine Part Volume,0,1,1,100000001,610000000412,
0,µm^3,Spine,Spine Part Volume,0,1,1,100000001,610000000414,
0.558352,µm^3,Spine,Spine Part Volume,0,1,1,100000002,610000000621,
0.0444035,µm^3,Spine,Spine Part Volume,0,1,1,100000002,610000000627,
0.127991,µm^3,Spine,Spine Part Volume,0,1,1,100000002,610000000632,
0.117743,µm^3,Spine,Spine Part Volume,0,1,1,100000002,610000000635,
0.144907,µm^3,Spine,Spine Part Volume,0,1,1,100000002,610000000645,
0,µm^3,Spine,Spine Part Volume,0,1,1,100000002,610000000650,
0,µm^3,Spine,Spine Part Volume,0,1,1,100000002,610000000654,
0.172274,µm^3,Spine,Spine Part Volume,0,1,1,100000002,610000000656,
0,µm^3,Spine,Spine Part Volume,0,1,1,100000002,610000000661,
0,µm^3,Spine,Spine Part Volume,0,1,1,100000002,610000000662,
