
Spine Part Mean Diameter
 ==================== 
Spine Part Mean Diameter Ground,Spine Part Mean Diameter Head,Spine Part Mean Diameter Neck,Unit,Category,Collection,Depth,Level,Time,FilamentID,ID,
0.607178,0.269898,0.569748,µm,Spine,Spine Part Mean Diameter,0,1,1,100000000,610000000185,
1.07391,0.797865,1.30655,µm,Spine,Spine Part Mean Diameter,0,1,1,100000000,610000000188,
0.523816,0.300162,0,µm,Spine,Spine Part Mean Diameter,0,1,1,100000000,610000000195,
0.569325,0.465741,0,µm,Spine,Spine Part Mean Diameter,0,1,1,100000000,610000000197,
0.964018,0.476135,1.03126,µm,Spine,Spine Part Mean Diameter,0,1,1,100000000,610000000199,
0.672176,0.669877,0,µm,Spine,Spine Part Mean Diameter,0,1,1,100000000,610000000205,
0.692136,0.755605,0,µm,Spine,Spine Part Mean Diameter,0,1,1,100000000,610000000207,
0.559542,0.403005,0,µm,Spine,Spine Part Mean Diameter,0,1,1,100000000,610000000209,
0.698117,0.695135,0.892654,µm,Spine,Spine Part Mean Diameter,0,1,1,100000000,610000000213,
0.739114,0.602041,0.750392,µm,Spine,Spine Part Mean Diameter,0,1,1,100000000,610000000216,
0.650376,0.793998,0,µm,Spine,Spine Part Mean Diameter,0,1,1,100000000,610000000222,
0.582362,0.657969,0,µm,Spine,Spine Part Mean Diameter,0,1,1,100000000,610000000223,
0.375712,0.24467,0,µm,Spine,Spine Part Mean Diameter,0,1,1,100000000,610000000224,
0.536328,0.274388,0,µm,Spine,Spine Part Mean Diameter,0,1,1,100000001,610000000349,
0.674724,0.426474,0.728863,µm,Spine,Spine Part Mean Diameter,0,1,1,100000001,610000000351,
0.552029,0.404766,0,µm,Spine,Spine Part Mean Diameter,0,1,1,100000001,610000000354,
0.710545,0.694643,0.895291,µm,Spine,Spine Part Mean Diameter,0,1,1,100000001,610000000356,
0.511341,0.410684,0.469834,µm,Spine,Spine Part Mean Diameter,0,1,1,100000001,610000000359,
0.451177,0.436474,0.464981,µm,Spine,Spine Part Mean Diameter,0,1,1,100000001,610000000362,
0.584539,0.513525,0.626734,µm,Spine,Spine Part Mean Diameter,0,1,1,100000001,610000000368,
0.79882,0.630477,0.881535,µm,Spine,Spine Part Mean Diameter,0,1,1,100000001,610000000376,
0.64977,0.349723,0.674193,µm,Spine,Spine Part Mean Diameter,0,1,1,100000001,610000000381,
0.667067,0.48235,0.661503,µm,Spine,Spine Part Mean Diameter,0,1,1,100000001,610000000384,
0.63598,0.647626,0,µm,Spine,Spine Part Mean Diameter,0,1,1,100000001,610000000393,
0.695348,0.360935,0,µm,Spine,Spine Part Mean Diameter,0,1,1,100000001,610000000395,
0.821881,0.808387,0,µm,Spine,Spine Part Mean Diameter,0,1,1,100000001,610000000400,
0.64202,0.590436,0.558288,µm,Spine,Spine Part Mean Diameter,0,1,1,100000001,610000000404,
0.680198,0.883543,0,µm,Spine,Spine Part Mean Diameter,0,1,1,100000001,610000000412,
0.658653,0.810552,0,µm,Spine,Spine Part Mean Diameter,0,1,1,100000001,610000000414,
0.991764,1.06517,1.34548,µm,Spine,Spine Part Mean Diameter,0,1,1,100000002,610000000621,
0.586757,0.374255,0.59097,µm,Spine,Spine Part Mean Diameter,0,1,1,100000002,610000000627,
0.762868,0.727386,1.01852,µm,Spine,Spine Part Mean Diameter,0,1,1,100000002,610000000632,
0.456207,0.599109,0.480817,µm,Spine,Spine Part Mean Diameter,0,1,1,100000002,610000000635,
0.873878,0.748518,1.00876,µm,Spine,Spine Part Mean Diameter,0,1,1,100000002,610000000645,
0.758712,0.584313,0,µm,Spine,Spine Part Mean Diameter,0,1,1,100000002,610000000650,
0.595688,0.425768,0,µm,Spine,Spine Part Mean Diameter,0,1,1,100000002,610000000654,
0.831791,0.842698,1.0432,µm,Spine,Spine Part Mean Diameter,0,1,1,100000002,610000000656,
0.741383,0.976011,0,µm,Spine,Spine Part Mean Diameter,0,1,1,100000002,610000000661,
0.673074,0.839394,0,µm,Spine,Spine Part Mean Diameter,0,1,1,100000002,610000000662,
