
Spine Part Max Diameter Ground
 ==================== 
Spine Part Max Diameter Ground,Unit,Category,Collection,Depth,Level,Time,FilamentID,ID,
0.707602,µm,Spine,Spine Part Max Diameter,0,1,1,100000000,610000000185,
1.45687,µm,Spine,Spine Part Max Diameter,0,1,1,100000000,610000000188,
0.540877,µm,Spine,Spine Part Max Diameter,0,1,1,100000000,610000000195,
0.631896,µm,Spine,Spine Part Max Diameter,0,1,1,100000000,610000000197,
1.26289,µm,Spine,Spine Part Max Diameter,0,1,1,100000000,610000000199,
0.837597,µm,Spine,Spine Part Max Diameter,0,1,1,100000000,610000000205,
0.877517,µm,Spine,Spine Part Max Diameter,0,1,1,100000000,610000000207,
0.612329,µm,Spine,Spine Part Max Diameter,0,1,1,100000000,610000000209,
0.889479,µm,Spine,Spine Part Max Diameter,0,1,1,100000000,610000000213,
0.857034,µm,Spine,Spine Part Max Diameter,0,1,1,100000000,610000000216,
0.793998,µm,Spine,Spine Part Max Diameter,0,1,1,100000000,610000000222,
0.657969,µm,Spine,Spine Part Max Diameter,0,1,1,100000000,610000000223,
0.506754,µm,Spine,Spine Part Max Diameter,0,1,1,100000000,610000000224,
0.565902,µm,Spine,Spine Part Max Diameter,0,1,1,100000001,610000000349,
0.842693,µm,Spine,Spine Part Max Diameter,0,1,1,100000001,610000000351,
0.597304,µm,Spine,Spine Part Max Diameter,0,1,1,100000001,610000000354,
0.914336,µm,Spine,Spine Part Max Diameter,0,1,1,100000001,610000000356,
0.515928,µm,Spine,Spine Part Max Diameter,0,1,1,100000001,610000000359,
0.506754,µm,Spine,Spine Part Max Diameter,0,1,1,100000001,610000000362,
0.627148,µm,Spine,Spine Part Max Diameter,0,1,1,100000001,610000000368,
0.975978,µm,Spine,Spine Part Max Diameter,0,1,1,100000001,610000000376,
0.792785,µm,Spine,Spine Part Max Diameter,0,1,1,100000001,610000000381,
0.746735,µm,Spine,Spine Part Max Diameter,0,1,1,100000001,610000000384,
0.765205,µm,Spine,Spine Part Max Diameter,0,1,1,100000001,610000000393,
0.818003,µm,Spine,Spine Part Max Diameter,0,1,1,100000001,610000000395,
1.00616,µm,Spine,Spine Part Max Diameter,0,1,1,100000001,610000000400,
0.782546,µm,Spine,Spine Part Max Diameter,0,1,1,100000001,610000000404,
0.853641,µm,Spine,Spine Part Max Diameter,0,1,1,100000001,610000000412,
0.810552,µm,Spine,Spine Part Max Diameter,0,1,1,100000001,610000000414,
1.33588,µm,Spine,Spine Part Max Diameter,0,1,1,100000002,610000000621,
0.642744,µm,Spine,Spine Part Max Diameter,0,1,1,100000002,610000000627,
1.01898,µm,Spine,Spine Part Max Diameter,0,1,1,100000002,610000000632,
0.5403,µm,Spine,Spine Part Max Diameter,0,1,1,100000002,610000000635,
1.11173,µm,Spine,Spine Part Max Diameter,0,1,1,100000002,610000000645,
0.917843,µm,Spine,Spine Part Max Diameter,0,1,1,100000002,610000000650,
0.684622,µm,Spine,Spine Part Max Diameter,0,1,1,100000002,610000000654,
1.05274,µm,Spine,Spine Part Max Diameter,0,1,1,100000002,610000000656,
0.976011,µm,Spine,Spine Part Max Diameter,0,1,1,100000002,610000000661,
0.839394,µm,Spine,Spine Part Max Diameter,0,1,1,100000002,610000000662,
