
Spine Part Length Neck
 ==================== 
Spine Part Length Neck,Unit,Category,Collection,Depth,Level,Time,FilamentID,ID,
0.206108,µm,Spine,Spine Part Length,0,1,1,100000000,610000000185,
0.622926,µm,Spine,Spine Part Length,0,1,1,100000000,610000000188,
0,µm,Spine,Spine Part Length,0,1,1,100000000,610000000195,
0,µm,Spine,Spine Part Length,0,1,1,100000000,610000000197,
0.439432,µm,Spine,Spine Part Length,0,1,1,100000000,610000000199,
0,µm,Spine,Spine Part Length,0,1,1,100000000,610000000205,
0,µm,Spine,Spine Part Length,0,1,1,100000000,610000000207,
0,µm,Spine,Spine Part Length,0,1,1,100000000,610000000209,
0.205482,µm,Spine,Spine Part Length,0,1,1,100000000,610000000213,
0.207837,µm,Spine,Spine Part Length,0,1,1,100000000,610000000216,
0,µm,Spine,Spine Part Length,0,1,1,100000000,610000000222,
0,µm,Spine,Spine Part Length,0,1,1,100000000,610000000223,
0,µm,Spine,Spine Part Length,0,1,1,100000000,610000000224,
0,µm,Spine,Spine Part Length,0,1,1,100000001,610000000349,
0.21201,µm,Spine,Spine Part Length,0,1,1,100000001,610000000351,
0,µm,Spine,Spine Part Length,0,1,1,100000001,610000000354,
0.217014,µm,Spine,Spine Part Length,0,1,1,100000001,610000000356,
0.217608,µm,Spine,Spine Part Length,0,1,1,100000001,610000000359,
0.417101,µm,Spine,Spine Part Length,0,1,1,100000001,610000000362,
0.428568,µm,Spine,Spine Part Length,0,1,1,100000001,610000000368,
0.21645,µm,Spine,Spine Part Length,0,1,1,100000001,610000000376,
0.21492,µm,Spine,Spine Part Length,0,1,1,100000001,610000000381,
0.61876,µm,Spine,Spine Part Length,0,1,1,100000001,610000000384,
0,µm,Spine,Spine Part Length,0,1,1,100000001,610000000393,
0,µm,Spine,Spine Part Length,0,1,1,100000001,610000000395,
0,µm,Spine,Spine Part Length,0,1,1,100000001,610000000400,
0.433182,µm,Spine,Spine Part Length,0,1,1,100000001,610000000404,
0,µm,Spine,Spine Part Length,0,1,1,100000001,610000000412,
0,µm,Spine,Spine Part Length,0,1,1,100000001,610000000414,
0.416797,µm,Spine,Spine Part Length,0,1,1,100000002,610000000621,
0.202477,µm,Spine,Spine Part Length,0,1,1,100000002,610000000627,
0.211887,µm,Spine,Spine Part Length,0,1,1,100000002,610000000632,
0.437246,µm,Spine,Spine Part Length,0,1,1,100000002,610000000635,
0.212466,µm,Spine,Spine Part Length,0,1,1,100000002,610000000645,
0,µm,Spine,Spine Part Length,0,1,1,100000002,610000000650,
0,µm,Spine,Spine Part Length,0,1,1,100000002,610000000654,
0.216737,µm,Spine,Spine Part Length,0,1,1,100000002,610000000656,
0,µm,Spine,Spine Part Length,0,1,1,100000002,610000000661,
0,µm,Spine,Spine Part Length,0,1,1,100000002,610000000662,
