
Spine Part Volume Head
 ==================== 
Spine Part Volume Head,Unit,Category,Collection,Depth,Level,Time,FilamentID,ID,
0.00514717,µm^3,Spine,Spine Part Volume,0,1,1,100000000,610000000185,
0.179565,µm^3,Spine,Spine Part Volume,0,1,1,100000000,610000000188,
0.00708007,µm^3,Spine,Spine Part Volume,0,1,1,100000000,610000000195,
0.0264486,µm^3,Spine,Spine Part Volume,0,1,1,100000000,610000000197,
0.0490293,µm^3,Spine,Spine Part Volume,0,1,1,100000000,610000000199,
0.0786964,µm^3,Spine,Spine Part Volume,0,1,1,100000000,610000000205,
0.112942,µm^3,Spine,Spine Part Volume,0,1,1,100000000,610000000207,
0.0171356,µm^3,Spine,Spine Part Volume,0,1,1,100000000,610000000209,
0.087938,µm^3,Spine,Spine Part Volume,0,1,1,100000000,610000000213,
0.099157,µm^3,Spine,Spine Part Volume,0,1,1,100000000,610000000216,
0.131047,µm^3,Spine,Spine Part Volume,0,1,1,100000000,610000000222,
0.0745736,µm^3,Spine,Spine Part Volume,0,1,1,100000000,610000000223,
0.00383454,µm^3,Spine,Spine Part Volume,0,1,1,100000000,610000000224,
0.00540832,µm^3,Spine,Spine Part Volume,0,1,1,100000001,610000000349,
0.020307,µm^3,Spine,Spine Part Volume,0,1,1,100000001,610000000351,
0.0173612,µm^3,Spine,Spine Part Volume,0,1,1,100000001,610000000354,
0.0877515,µm^3,Spine,Spine Part Volume,0,1,1,100000001,610000000356,
0.0181339,µm^3,Spine,Spine Part Volume,0,1,1,100000001,610000000359,
0.0409487,µm^3,Spine,Spine Part Volume,0,1,1,100000001,610000000362,
0.103974,µm^3,Spine,Spine Part Volume,0,1,1,100000001,610000000368,
0.102916,µm^3,Spine,Spine Part Volume,0,1,1,100000001,610000000376,
0.011198,µm^3,Spine,Spine Part Volume,0,1,1,100000001,610000000381,
0.0877304,µm^3,Spine,Spine Part Volume,0,1,1,100000001,610000000384,
0.0711118,µm^3,Spine,Spine Part Volume,0,1,1,100000001,610000000393,
0.0263395,µm^3,Spine,Spine Part Volume,0,1,1,100000001,610000000395,
0.214001,µm^3,Spine,Spine Part Volume,0,1,1,100000001,610000000400,
0.148684,µm^3,Spine,Spine Part Volume,0,1,1,100000001,610000000404,
0.180573,µm^3,Spine,Spine Part Volume,0,1,1,100000001,610000000412,
0.139416,µm^3,Spine,Spine Part Volume,0,1,1,100000001,610000000414,
0.400387,µm^3,Spine,Spine Part Volume,0,1,1,100000002,610000000621,
0.0289058,µm^3,Spine,Spine Part Volume,0,1,1,100000002,610000000627,
0.100754,µm^3,Spine,Spine Part Volume,0,1,1,100000002,610000000632,
0.148869,µm^3,Spine,Spine Part Volume,0,1,1,100000002,610000000635,
0.164442,µm^3,Spine,Spine Part Volume,0,1,1,100000002,610000000645,
0.0788883,µm^3,Spine,Spine Part Volume,0,1,1,100000002,610000000650,
0.0202064,µm^3,Spine,Spine Part Volume,0,1,1,100000002,610000000654,
0.218472,µm^3,Spine,Spine Part Volume,0,1,1,100000002,610000000656,
0.243407,µm^3,Spine,Spine Part Volume,0,1,1,100000002,610000000661,
0.154834,µm^3,Spine,Spine Part Volume,0,1,1,100000002,610000000662,
