
Spine Attachment Pt Distance from Origin
 ==================== 
Spine Attachment Pt Distance from Origin,Unit,Category,Collection,Depth,Level,Time,FilamentID,ID,
180.831,µm,Spine,Spine Attachment Pt Distance from Origin,0,1,1,100000000,610000000185,
180.94,µm,Spine,Spine Attachment Pt Distance from Origin,0,1,1,100000000,610000000188,
182.33,µm,Spine,Spine Attachment Pt Distance from Origin,0,1,1,100000000,610000000195,
183.091,µm,Spine,Spine Attachment Pt Distance from Origin,0,1,1,100000000,610000000197,
183.375,µm,Spine,Spine Attachment Pt Distance from Origin,0,1,1,100000000,610000000199,
186.405,µm,Spine,Spine Attachment Pt Distance from Origin,0,1,1,100000000,610000000205,
185.271,µm,Spine,Spine Attachment Pt Distance from Origin,0,1,1,100000000,610000000207,
185.404,µm,Spine,Spine Attachment Pt Distance from Origin,0,1,1,100000000,610000000209,
184.594,µm,Spine,Spine Attachment Pt Distance from Origin,0,1,1,100000000,610000000213,
182.064,µm,Spine,Spine Attachment Pt Distance from Origin,0,1,1,100000000,610000000216,
181.783,µm,Spine,Spine Attachment Pt Distance from Origin,0,1,1,100000000,610000000222,
184.93,µm,Spine,Spine Attachment Pt Distance from Origin,0,1,1,100000000,610000000223,
185.012,µm,Spine,Spine Attachment Pt Distance from Origin,0,1,1,100000000,610000000224,
132.523,µm,Spine,Spine Attachment Pt Distance from Origin,0,1,1,100000001,610000000349,
131.965,µm,Spine,Spine Attachment Pt Distance from Origin,0,1,1,100000001,610000000351,
133.688,µm,Spine,Spine Attachment Pt Distance from Origin,0,1,1,100000001,610000000354,
135.236,µm,Spine,Spine Attachment Pt Distance from Origin,0,1,1,100000001,610000000356,
134.41,µm,Spine,Spine Attachment Pt Distance from Origin,0,1,1,100000001,610000000359,
138.689,µm,Spine,Spine Attachment Pt Distance from Origin,0,1,1,100000001,610000000362,
138.498,µm,Spine,Spine Attachment Pt Distance from Origin,0,1,1,100000001,610000000368,
141.513,µm,Spine,Spine Attachment Pt Distance from Origin,0,1,1,100000001,610000000376,
143.435,µm,Spine,Spine Attachment Pt Distance from Origin,0,1,1,100000001,610000000381,
144.559,µm,Spine,Spine Attachment Pt Distance from Origin,0,1,1,100000001,610000000384,
145.677,µm,Spine,Spine Attachment Pt Distance from Origin,0,1,1,100000001,610000000393,
146.763,µm,Spine,Spine Attachment Pt Distance from Origin,0,1,1,100000001,610000000395,
149.112,µm,Spine,Spine Attachment Pt Distance from Origin,0,1,1,100000001,610000000400,
150.197,µm,Spine,Spine Attachment Pt Distance from Origin,0,1,1,100000001,610000000412,
148.515,µm,Spine,Spine Attachment Pt Distance from Origin,0,1,1,100000001,610000000414,
159.384,µm,Spine,Spine Attachment Pt Distance from Origin,0,1,1,100000002,610000000621,
158.242,µm,Spine,Spine Attachment Pt Distance from Origin,0,1,1,100000002,610000000627,
154.572,µm,Spine,Spine Attachment Pt Distance from Origin,0,1,1,100000002,610000000632,
153.92,µm,Spine,Spine Attachment Pt Distance from Origin,0,1,1,100000002,610000000635,
131.649,µm,Spine,Spine Attachment Pt Distance from Origin,0,1,1,100000002,610000000645,
127.704,µm,Spine,Spine Attachment Pt Distance from Origin,0,1,1,100000002,610000000650,
128.533,µm,Spine,Spine Attachment Pt Distance from Origin,0,1,1,100000002,610000000654,
124.387,µm,Spine,Spine Attachment Pt Distance from Origin,0,1,1,100000002,610000000656,
142.131,µm,Spine,Spine Attachment Pt Distance from Origin,0,1,1,100000002,610000000661,
144.632,µm,Spine,Spine Attachment Pt Distance from Origin,0,1,1,100000002,610000000662,
