
Spine Part Min Diameter Ground
 ==================== 
Spine Part Min Diameter Ground,Unit,Category,Collection,Depth,Level,Time,FilamentID,ID,
0.506754,µm,Spine,Spine Part Min Diameter,0,1,1,100000000,610000000185,
0.506754,µm,Spine,Spine Part Min Diameter,0,1,1,100000000,610000000188,
0.506754,µm,Spine,Spine Part Min Diameter,0,1,1,100000000,610000000195,
0.506754,µm,Spine,Spine Part Min Diameter,0,1,1,100000000,610000000197,
0.506754,µm,Spine,Spine Part Min Diameter,0,1,1,100000000,610000000199,
0.506754,µm,Spine,Spine Part Min Diameter,0,1,1,100000000,610000000205,
0.506754,µm,Spine,Spine Part Min Diameter,0,1,1,100000000,610000000207,
0.506754,µm,Spine,Spine Part Min Diameter,0,1,1,100000000,610000000209,
0.506754,µm,Spine,Spine Part Min Diameter,0,1,1,100000000,610000000213,
0.506754,µm,Spine,Spine Part Min Diameter,0,1,1,100000000,610000000216,
0.506754,µm,Spine,Spine Part Min Diameter,0,1,1,100000000,610000000222,
0.506754,µm,Spine,Spine Part Min Diameter,0,1,1,100000000,610000000223,
0.24467,µm,Spine,Spine Part Min Diameter,0,1,1,100000000,610000000224,
0.506754,µm,Spine,Spine Part Min Diameter,0,1,1,100000001,610000000349,
0.506754,µm,Spine,Spine Part Min Diameter,0,1,1,100000001,610000000351,
0.506754,µm,Spine,Spine Part Min Diameter,0,1,1,100000001,610000000354,
0.506754,µm,Spine,Spine Part Min Diameter,0,1,1,100000001,610000000356,
0.506754,µm,Spine,Spine Part Min Diameter,0,1,1,100000001,610000000359,
0.372057,µm,Spine,Spine Part Min Diameter,0,1,1,100000001,610000000362,
0.506754,µm,Spine,Spine Part Min Diameter,0,1,1,100000001,610000000368,
0.506754,µm,Spine,Spine Part Min Diameter,0,1,1,100000001,610000000376,
0.506754,µm,Spine,Spine Part Min Diameter,0,1,1,100000001,610000000381,
0.506754,µm,Spine,Spine Part Min Diameter,0,1,1,100000001,610000000384,
0.506754,µm,Spine,Spine Part Min Diameter,0,1,1,100000001,610000000393,
0.506754,µm,Spine,Spine Part Min Diameter,0,1,1,100000001,610000000395,
0.506754,µm,Spine,Spine Part Min Diameter,0,1,1,100000001,610000000400,
0.506754,µm,Spine,Spine Part Min Diameter,0,1,1,100000001,610000000404,
0.506754,µm,Spine,Spine Part Min Diameter,0,1,1,100000001,610000000412,
0.506754,µm,Spine,Spine Part Min Diameter,0,1,1,100000001,610000000414,
0.506754,µm,Spine,Spine Part Min Diameter,0,1,1,100000002,610000000621,
0.506754,µm,Spine,Spine Part Min Diameter,0,1,1,100000002,610000000627,
0.506754,µm,Spine,Spine Part Min Diameter,0,1,1,100000002,610000000632,
0.343899,µm,Spine,Spine Part Min Diameter,0,1,1,100000002,610000000635,
0.506754,µm,Spine,Spine Part Min Diameter,0,1,1,100000002,610000000645,
0.506754,µm,Spine,Spine Part Min Diameter,0,1,1,100000002,610000000650,
0.506754,µm,Spine,Spine Part Min Diameter,0,1,1,100000002,610000000654,
0.506754,µm,Spine,Spine Part Min Diameter,0,1,1,100000002,610000000656,
0.506754,µm,Spine,Spine Part Min Diameter,0,1,1,100000002,610000000661,
0.506754,µm,Spine,Spine Part Min Diameter,0,1,1,100000002,610000000662,
