
Pt Time Type=Spine Attachment
 ==================== 
Pt Time,Unit,Category,Depth,Time,Type,FilamentID,ID,
0,s,Point,0,1,Spine Attachment,100000000,800000001,
0,s,Point,0,1,Spine Attachment,100000000,800000002,
0,s,Point,0,1,Spine Attachment,100000000,800000003,
0,s,Point,0,1,Spine Attachment,100000000,800000004,
0,s,Point,0,1,Spine Attachment,100000000,800000005,
0,s,Point,0,1,Spine Attachment,100000000,800000006,
0,s,Point,0,1,Spine Attachment,100000000,800000007,
0,s,Point,0,1,Spine Attachment,100000000,800000008,
0,s,Point,0,1,Spine Attachment,100000000,800000009,
0,s,Point,0,1,Spine Attachment,100000000,800000010,
0,s,Point,0,1,Spine Attachment,100000000,800000011,
0,s,Point,0,1,Spine Attachment,100000000,800000012,
0,s,Point,0,1,Spine Attachment,100000000,800000013,
0,s,Point,0,1,Spine Attachment,100000001,800000029,
0,s,Point,0,1,Spine Attachment,100000001,800000030,
0,s,Point,0,1,Spine Attachment,100000001,800000031,
0,s,Point,0,1,Spine Attachment,100000001,800000032,
0,s,Point,0,1,Spine Attachment,100000001,800000033,
0,s,Point,0,1,Spine Attachment,100000001,800000034,
0,s,Point,0,1,Spine Attachment,100000001,800000035,
0,s,Point,0,1,Spine Attachment,100000001,800000036,
0,s,Point,0,1,Spine Attachment,100000001,800000037,
0,s,Point,0,1,Spine Attachment,100000001,800000038,
0,s,Point,0,1,Spine Attachment,100000001,800000039,
0,s,Point,0,1,Spine Attachment,100000001,800000040,
0,s,Point,0,1,Spine Attachment,100000001,800000041,
0,s,Point,0,1,Spine Attachment,100000001,800000042,
0,s,Point,0,1,Spine Attachment,100000001,800000043,
0,s,Point,0,1,Spine Attachment,100000002,800000062,
0,s,Point,0,1,Spine Attachment,100000002,800000063,
0,s,Point,0,1,Spine Attachment,100000002,800000064,
0,s,Point,0,1,Spine Attachment,100000002,800000065,
0,s,Point,0,1,Spine Attachment,100000002,800000066,
0,s,Point,0,1,Spine Attachment,100000002,800000067,
0,s,Point,0,1,Spine Attachment,100000002,800000068,
0,s,Point,0,1,Spine Attachment,100000002,800000069,
0,s,Point,0,1,Spine Attachment,100000002,800000070,
0,s,Point,0,1,Spine Attachment,100000002,800000071,
