
Spine Terminal Pt Intensity Center Ch=4 Img=1
 ==================== 
Spine Terminal Pt Intensity Center,Unit,Category,Channel,Depth,Image,Time,FilamentID,ID,
2,,Spine,4,0,Image 1,1,100000000,610000000116,
2,,Spine,4,0,Image 1,1,100000000,610000000123,
1,,Spine,4,0,Image 1,1,100000000,610000000125,
2,,Spine,4,0,Image 1,1,100000000,610000000131,
1,,Spine,4,0,Image 1,1,100000001,610000000276,
2,,Spine,4,0,Image 1,1,100000002,610000000423,
2,,Spine,4,0,Image 1,1,100000002,610000000425,
3,,Spine,4,0,Image 1,1,100000002,610000000428,
4,,Spine,4,0,Image 1,1,100000002,610000000432,
1,,Spine,4,0,Image 1,1,100000002,610000000436,
3,,Spine,4,0,Image 1,1,100000002,610000000440,
1,,Spine,4,0,Image 1,1,100000002,610000000451,
