
Spine Position
 ==================== 
Spine Position X,Spine Position Y,Spine Position Z,Unit,Category,Collection,Depth,Level,Time,FilamentID,ID,
144.011,100.825,17.3302,µm,Spine,Spine Position,0,1,1,100000000,610000000116,
148.508,95.2249,19.0454,µm,Spine,Spine Position,0,1,1,100000000,610000000123,
154.106,87.0691,18.6589,µm,Spine,Spine Position,0,1,1,100000000,610000000125,
146.801,97.4192,18.4732,µm,Spine,Spine Position,0,1,1,100000000,610000000131,
66.1063,48.1272,9.41987,µm,Spine,Spine Position,0,1,1,100000001,610000000276,
95.5087,87.8994,7.88494,µm,Spine,Spine Position,0,1,1,100000002,610000000423,
95.9461,86.4093,8.7089,µm,Spine,Spine Position,0,1,1,100000002,610000000425,
95.4395,84.1181,7.96948,µm,Spine,Spine Position,0,1,1,100000002,610000000428,
95.6697,82.9708,8.64933,µm,Spine,Spine Position,0,1,1,100000002,610000000432,
91.8706,70.1191,9.8495,µm,Spine,Spine Position,0,1,1,100000002,610000000436,
90.898,69.7449,7.92186,µm,Spine,Spine Position,0,1,1,100000002,610000000440,
88.0091,65.1477,8.09295,µm,Spine,Spine Position,0,1,1,100000002,610000000451,
