
Spine Terminal Pt Intensity Center Ch=1 Img=1
 ==================== 
Spine Terminal Pt Intensity Center,Unit,Category,Channel,Depth,Image,Time,FilamentID,ID,
25,,Spine,1,0,Image 1,1,100000000,610000000116,
23,,Spine,1,0,Image 1,1,100000000,610000000123,
31,,Spine,1,0,Image 1,1,100000000,610000000125,
30,,Spine,1,0,Image 1,1,100000000,610000000131,
11,,Spine,1,0,Image 1,1,100000001,610000000276,
15,,Spine,1,0,Image 1,1,100000002,610000000423,
22,,Spine,1,0,Image 1,1,100000002,610000000425,
22,,Spine,1,0,Image 1,1,100000002,610000000428,
22,,Spine,1,0,Image 1,1,100000002,610000000432,
22,,Spine,1,0,Image 1,1,100000002,610000000436,
24,,Spine,1,0,Image 1,1,100000002,610000000440,
16,,Spine,1,0,Image 1,1,100000002,610000000451,
