
Spine Part Mean Diameter Head
 ==================== 
Spine Part Mean Diameter Head,Unit,Category,Collection,Depth,Level,Time,FilamentID,ID,
0.461243,µm,Spine,Spine Part Mean Diameter,0,1,1,100000000,610000000116,
0.288634,µm,Spine,Spine Part Mean Diameter,0,1,1,100000000,610000000123,
0.786806,µm,Spine,Spine Part Mean Diameter,0,1,1,100000000,610000000125,
0.963033,µm,Spine,Spine Part Mean Diameter,0,1,1,100000000,610000000131,
0.423875,µm,Spine,Spine Part Mean Diameter,0,1,1,100000001,610000000276,
0.525038,µm,Spine,Spine Part Mean Diameter,0,1,1,100000002,610000000423,
0.634101,µm,Spine,Spine Part Mean Diameter,0,1,1,100000002,610000000425,
0.709515,µm,Spine,Spine Part Mean Diameter,0,1,1,100000002,610000000428,
0.715575,µm,Spine,Spine Part Mean Diameter,0,1,1,100000002,610000000432,
1.27319,µm,Spine,Spine Part Mean Diameter,0,1,1,100000002,610000000436,
0.864386,µm,Spine,Spine Part Mean Diameter,0,1,1,100000002,610000000440,
0.887168,µm,Spine,Spine Part Mean Diameter,0,1,1,100000002,610000000451,
