
Pt Distance from Origin
 ==================== 
Pt Distance from Origin,Unit,Category,Collection,Depth,Time,Type,FilamentID,ID,
178.772,µm,Point,Pt Distance from Origin,0,1,Dendrite Beginning,100000000,800000000,
177.022,µm,Point,Pt Distance from Origin,0,1,Spine Attachment,100000000,800000001,
177.151,µm,Point,Pt Distance from Origin,0,1,Spine Attachment,100000000,800000002,
177.324,µm,Point,Pt Distance from Origin,0,1,Spine Attachment,100000000,800000003,
178.205,µm,Point,Pt Distance from Origin,0,1,Spine Attachment,100000000,800000004,
178.021,µm,Point,Pt Distance from Origin,0,1,Dendrite Terminal,100000000,800000005,
176.234,µm,Point,Pt Distance from Origin,0,1,Spine Terminal,100000000,800000006,
177.63,µm,Point,Pt Distance from Origin,0,1,Spine Terminal,100000000,800000007,
177.893,µm,Point,Pt Distance from Origin,0,1,Spine Terminal,100000000,800000008,
177.594,µm,Point,Pt Distance from Origin,0,1,Spine Terminal,100000000,800000009,
101.386,µm,Point,Pt Distance from Origin,0,1,Dendrite Beginning,100000001,800000010,
82.3898,µm,Point,Pt Distance from Origin,0,1,Spine Attachment,100000001,800000011,
78.3391,µm,Point,Pt Distance from Origin,0,1,Dendrite Terminal,100000001,800000012,
82.0954,µm,Point,Pt Distance from Origin,0,1,Spine Terminal,100000001,800000013,
130.905,µm,Point,Pt Distance from Origin,0,1,Dendrite Beginning,100000002,800000014,
130.152,µm,Point,Pt Distance from Origin,0,1,Spine Attachment,100000002,800000015,
129.2,µm,Point,Pt Distance from Origin,0,1,Spine Attachment,100000002,800000016,
127.429,µm,Point,Pt Distance from Origin,0,1,Spine Attachment,100000002,800000017,
126.896,µm,Point,Pt Distance from Origin,0,1,Spine Attachment,100000002,800000018,
115.848,µm,Point,Pt Distance from Origin,0,1,Spine Attachment,100000002,800000019,
115.078,µm,Point,Pt Distance from Origin,0,1,Spine Attachment,100000002,800000020,
109.792,µm,Point,Pt Distance from Origin,0,1,Spine Attachment,100000002,800000021,
105.464,µm,Point,Pt Distance from Origin,0,1,Dendrite Terminal,100000002,800000022,
129.603,µm,Point,Pt Distance from Origin,0,1,Spine Terminal,100000002,800000023,
129.849,µm,Point,Pt Distance from Origin,0,1,Spine Terminal,100000002,800000024,
127.364,µm,Point,Pt Distance from Origin,0,1,Spine Terminal,100000002,800000025,
126.953,µm,Point,Pt Distance from Origin,0,1,Spine Terminal,100000002,800000026,
116.265,µm,Point,Pt Distance from Origin,0,1,Spine Terminal,100000002,800000027,
114.443,µm,Point,Pt Distance from Origin,0,1,Spine Terminal,100000002,800000028,
109.862,µm,Point,Pt Distance from Origin,0,1,Spine Terminal,100000002,800000029,
