
Pt Time Type=Spine Terminal
 ==================== 
Pt Time,Unit,Category,Depth,Time,Type,FilamentID,ID,
0,s,Point,0,1,Spine Terminal,100000000,800000006,
0,s,Point,0,1,Spine Terminal,100000000,800000007,
0,s,Point,0,1,Spine Terminal,100000000,800000008,
0,s,Point,0,1,Spine Terminal,100000000,800000009,
0,s,Point,0,1,Spine Terminal,100000001,800000013,
0,s,Point,0,1,Spine Terminal,100000002,800000023,
0,s,Point,0,1,Spine Terminal,100000002,800000024,
0,s,Point,0,1,Spine Terminal,100000002,800000025,
0,s,Point,0,1,Spine Terminal,100000002,800000026,
0,s,Point,0,1,Spine Terminal,100000002,800000027,
0,s,Point,0,1,Spine Terminal,100000002,800000028,
0,s,Point,0,1,Spine Terminal,100000002,800000029,
