
Spine Position Z
 ==================== 
Spine Position Z,Unit,Category,Collection,Depth,Level,Time,FilamentID,ID,
17.3302,µm,Spine,Spine Position,0,1,1,100000000,610000000116,
19.0454,µm,Spine,Spine Position,0,1,1,100000000,610000000123,
18.6589,µm,Spine,Spine Position,0,1,1,100000000,610000000125,
18.4732,µm,Spine,Spine Position,0,1,1,100000000,610000000131,
9.41987,µm,Spine,Spine Position,0,1,1,100000001,610000000276,
7.88494,µm,Spine,Spine Position,0,1,1,100000002,610000000423,
8.7089,µm,Spine,Spine Position,0,1,1,100000002,610000000425,
7.96948,µm,Spine,Spine Position,0,1,1,100000002,610000000428,
8.64933,µm,Spine,Spine Position,0,1,1,100000002,610000000432,
9.8495,µm,Spine,Spine Position,0,1,1,100000002,610000000436,
7.92186,µm,Spine,Spine Position,0,1,1,100000002,610000000440,
8.09295,µm,Spine,Spine Position,0,1,1,100000002,610000000451,
