
Spine Terminal Pt Intensity Center Ch=2 Img=1
 ==================== 
Spine Terminal Pt Intensity Center,Unit,Category,Channel,Depth,Image,Time,FilamentID,ID,
17,,Spine,2,0,Image 1,1,100000000,610000000116,
16,,Spine,2,0,Image 1,1,100000000,610000000123,
28,,Spine,2,0,Image 1,1,100000000,610000000125,
31,,Spine,2,0,Image 1,1,100000000,610000000131,
18,,Spine,2,0,Image 1,1,100000001,610000000276,
33,,Spine,2,0,Image 1,1,100000002,610000000423,
29,,Spine,2,0,Image 1,1,100000002,610000000425,
36,,Spine,2,0,Image 1,1,100000002,610000000428,
34,,Spine,2,0,Image 1,1,100000002,610000000432,
28,,Spine,2,0,Image 1,1,100000002,610000000436,
25,,Spine,2,0,Image 1,1,100000002,610000000440,
21,,Spine,2,0,Image 1,1,100000002,610000000451,
