
Spine Part Volume Neck
 ==================== 
Spine Part Volume Neck,Unit,Category,Collection,Depth,Level,Time,FilamentID,ID,
0.130265,µm^3,Spine,Spine Part Volume,0,1,1,100000000,610000000116,
0,µm^3,Spine,Spine Part Volume,0,1,1,100000000,610000000123,
0.361099,µm^3,Spine,Spine Part Volume,0,1,1,100000000,610000000125,
0,µm^3,Spine,Spine Part Volume,0,1,1,100000000,610000000131,
0.203604,µm^3,Spine,Spine Part Volume,0,1,1,100000001,610000000276,
0,µm^3,Spine,Spine Part Volume,0,1,1,100000002,610000000423,
0.076479,µm^3,Spine,Spine Part Volume,0,1,1,100000002,610000000425,
0,µm^3,Spine,Spine Part Volume,0,1,1,100000002,610000000428,
0,µm^3,Spine,Spine Part Volume,0,1,1,100000002,610000000432,
0,µm^3,Spine,Spine Part Volume,0,1,1,100000002,610000000436,
0.86146,µm^3,Spine,Spine Part Volume,0,1,1,100000002,610000000440,
0,µm^3,Spine,Spine Part Volume,0,1,1,100000002,610000000451,
