
Spine Attachment Pt Position X
 ==================== 
Spine Attachment Pt Position X,Unit,Category,Collection,Depth,Level,Time,FilamentID,ID,
144.028,µm,Spine,Spine Attachment Pt Position,0,1,1,100000000,610000000116,
148.465,µm,Spine,Spine Attachment Pt Position,0,1,1,100000000,610000000123,
154.347,µm,Spine,Spine Attachment Pt Position,0,1,1,100000000,610000000125,
146.801,µm,Spine,Spine Attachment Pt Position,0,1,1,100000000,610000000131,
65.7779,µm,Spine,Spine Attachment Pt Position,0,1,1,100000001,610000000276,
95.6321,µm,Spine,Spine Attachment Pt Position,0,1,1,100000002,610000000423,
95.7937,µm,Spine,Spine Attachment Pt Position,0,1,1,100000002,610000000425,
95.5235,µm,Spine,Spine Attachment Pt Position,0,1,1,100000002,610000000428,
95.3292,µm,Spine,Spine Attachment Pt Position,0,1,1,100000002,610000000432,
91.6091,µm,Spine,Spine Attachment Pt Position,0,1,1,100000002,610000000436,
91.3905,µm,Spine,Spine Attachment Pt Position,0,1,1,100000002,610000000440,
87.9231,µm,Spine,Spine Attachment Pt Position,0,1,1,100000002,610000000451,
