
Spine Position Y
 ==================== 
Spine Position Y,Unit,Category,Collection,Depth,Level,Time,FilamentID,ID,
100.825,µm,Spine,Spine Position,0,1,1,100000000,610000000116,
95.2249,µm,Spine,Spine Position,0,1,1,100000000,610000000123,
87.0691,µm,Spine,Spine Position,0,1,1,100000000,610000000125,
97.4192,µm,Spine,Spine Position,0,1,1,100000000,610000000131,
48.1272,µm,Spine,Spine Position,0,1,1,100000001,610000000276,
87.8994,µm,Spine,Spine Position,0,1,1,100000002,610000000423,
86.4093,µm,Spine,Spine Position,0,1,1,100000002,610000000425,
84.1181,µm,Spine,Spine Position,0,1,1,100000002,610000000428,
82.9708,µm,Spine,Spine Position,0,1,1,100000002,610000000432,
70.1191,µm,Spine,Spine Position,0,1,1,100000002,610000000436,
69.7449,µm,Spine,Spine Position,0,1,1,100000002,610000000440,
65.1477,µm,Spine,Spine Position,0,1,1,100000002,610000000451,
