
Spine Part Volume Ground
 ==================== 
Spine Part Volume Ground,Unit,Category,Collection,Depth,Level,Time,FilamentID,ID,
0.463394,µm^3,Spine,Spine Part Volume,0,1,1,100000000,610000000116,
0.128789,µm^3,Spine,Spine Part Volume,0,1,1,100000000,610000000123,
0.562427,µm^3,Spine,Spine Part Volume,0,1,1,100000000,610000000125,
0.468991,µm^3,Spine,Spine Part Volume,0,1,1,100000000,610000000131,
0.705285,µm^3,Spine,Spine Part Volume,0,1,1,100000001,610000000276,
0.211815,µm^3,Spine,Spine Part Volume,0,1,1,100000002,610000000423,
0.273632,µm^3,Spine,Spine Part Volume,0,1,1,100000002,610000000425,
0.582401,µm^3,Spine,Spine Part Volume,0,1,1,100000002,610000000428,
0.85593,µm^3,Spine,Spine Part Volume,0,1,1,100000002,610000000432,
0.834902,µm^3,Spine,Spine Part Volume,0,1,1,100000002,610000000436,
1.1266,µm^3,Spine,Spine Part Volume,0,1,1,100000002,610000000440,
0.367076,µm^3,Spine,Spine Part Volume,0,1,1,100000002,610000000451,
