
Spine Part Volume
 ==================== 
Spine Part Volume Ground,Spine Part Volume Head,Spine Part Volume Neck,Unit,Category,Collection,Depth,Level,Time,FilamentID,ID,
0.463394,0.0555833,0.130265,µm^3,Spine,Spine Part Volume,0,1,1,100000000,610000000116,
0.128789,0.00629525,0,µm^3,Spine,Spine Part Volume,0,1,1,100000000,610000000123,
0.562427,0.183197,0.361099,µm^3,Spine,Spine Part Volume,0,1,1,100000000,610000000125,
0.468991,0.233826,0,µm^3,Spine,Spine Part Volume,0,1,1,100000000,610000000131,
0.705285,0.0372193,0.203604,µm^3,Spine,Spine Part Volume,0,1,1,100000001,610000000276,
0.211815,0.0378914,0,µm^3,Spine,Spine Part Volume,0,1,1,100000002,610000000423,
0.273632,0.0667489,0.076479,µm^3,Spine,Spine Part Volume,0,1,1,100000002,610000000425,
0.582401,0.134821,0,µm^3,Spine,Spine Part Volume,0,1,1,100000002,610000000428,
0.85593,0.131807,0,µm^3,Spine,Spine Part Volume,0,1,1,100000002,610000000432,
0.834902,0.783985,0,µm^3,Spine,Spine Part Volume,0,1,1,100000002,610000000436,
1.1266,0.367649,0.86146,µm^3,Spine,Spine Part Volume,0,1,1,100000002,610000000440,
0.367076,0.182804,0,µm^3,Spine,Spine Part Volume,0,1,1,100000002,610000000451,
