
Spine Terminal Pt Intensity Center Ch=3 Img=1
 ==================== 
Spine Terminal Pt Intensity Center,Unit,Category,Channel,Depth,Image,Time,FilamentID,ID,
39,,Spine,3,0,Image 1,1,100000000,610000000116,
13,,Spine,3,0,Image 1,1,100000000,610000000123,
23,,Spine,3,0,Image 1,1,100000000,610000000125,
23,,Spine,3,0,Image 1,1,100000000,610000000131,
19,,Spine,3,0,Image 1,1,100000001,610000000276,
26,,Spine,3,0,Image 1,1,100000002,610000000423,
15,,Spine,3,0,Image 1,1,100000002,610000000425,
27,,Spine,3,0,Image 1,1,100000002,610000000428,
21,,Spine,3,0,Image 1,1,100000002,610000000432,
15,,Spine,3,0,Image 1,1,100000002,610000000436,
18,,Spine,3,0,Image 1,1,100000002,610000000440,
17,,Spine,3,0,Image 1,1,100000002,610000000451,
