
Spine Terminal Pt Position Y
 ==================== 
Spine Terminal Pt Position Y,Unit,Category,Collection,Depth,Level,Time,FilamentID,ID,
100.148,µm,Spine,Spine Terminal Pt Position,0,1,1,100000000,610000000116,
95.7822,µm,Spine,Spine Terminal Pt Position,0,1,1,100000000,610000000123,
87.33,µm,Spine,Spine Terminal Pt Position,0,1,1,100000000,610000000125,
97.6034,µm,Spine,Spine Terminal Pt Position,0,1,1,100000000,610000000131,
47.2588,µm,Spine,Spine Terminal Pt Position,0,1,1,100000001,610000000276,
87.8295,µm,Spine,Spine Terminal Pt Position,0,1,1,100000002,610000000423,
86.6297,µm,Spine,Spine Terminal Pt Position,0,1,1,100000002,610000000425,
84.291,µm,Spine,Spine Terminal Pt Position,0,1,1,100000002,610000000428,
82.3812,µm,Spine,Spine Terminal Pt Position,0,1,1,100000002,610000000432,
70.004,µm,Spine,Spine Terminal Pt Position,0,1,1,100000002,610000000436,
69.905,µm,Spine,Spine Terminal Pt Position,0,1,1,100000002,610000000440,
64.7305,µm,Spine,Spine Terminal Pt Position,0,1,1,100000002,610000000451,
