
Spine Part Volume Head
 ==================== 
Spine Part Volume Head,Unit,Category,Collection,Depth,Level,Time,FilamentID,ID,
0.0555833,µm^3,Spine,Spine Part Volume,0,1,1,100000000,610000000116,
0.00629525,µm^3,Spine,Spine Part Volume,0,1,1,100000000,610000000123,
0.183197,µm^3,Spine,Spine Part Volume,0,1,1,100000000,610000000125,
0.233826,µm^3,Spine,Spine Part Volume,0,1,1,100000000,610000000131,
0.0372193,µm^3,Spine,Spine Part Volume,0,1,1,100000001,610000000276,
0.0378914,µm^3,Spine,Spine Part Volume,0,1,1,100000002,610000000423,
0.0667489,µm^3,Spine,Spine Part Volume,0,1,1,100000002,610000000425,
0.134821,µm^3,Spine,Spine Part Volume,0,1,1,100000002,610000000428,
0.131807,µm^3,Spine,Spine Part Volume,0,1,1,100000002,610000000432,
0.783985,µm^3,Spine,Spine Part Volume,0,1,1,100000002,610000000436,
0.367649,µm^3,Spine,Spine Part Volume,0,1,1,100000002,610000000440,
0.182804,µm^3,Spine,Spine Part Volume,0,1,1,100000002,610000000451,
