
Pt Time Type=Spine Attachment
 ==================== 
Pt Time,Unit,Category,Depth,Time,Type,FilamentID,ID,
0,s,Point,0,1,Spine Attachment,100000000,800000001,
0,s,Point,0,1,Spine Attachment,100000000,800000002,
0,s,Point,0,1,Spine Attachment,100000000,800000003,
0,s,Point,0,1,Spine Attachment,100000000,800000004,
0,s,Point,0,1,Spine Attachment,100000001,800000011,
0,s,Point,0,1,Spine Attachment,100000002,800000015,
0,s,Point,0,1,Spine Attachment,100000002,800000016,
0,s,Point,0,1,Spine Attachment,100000002,800000017,
0,s,Point,0,1,Spine Attachment,100000002,800000018,
0,s,Point,0,1,Spine Attachment,100000002,800000019,
0,s,Point,0,1,Spine Attachment,100000002,800000020,
0,s,Point,0,1,Spine Attachment,100000002,800000021,
