
Spine Part Mean Diameter Ground
 ==================== 
Spine Part Mean Diameter Ground,Unit,Category,Collection,Depth,Level,Time,FilamentID,ID,
0.771416,µm,Spine,Spine Part Mean Diameter,0,1,1,100000000,610000000116,
0.555753,µm,Spine,Spine Part Mean Diameter,0,1,1,100000000,610000000123,
0.902863,µm,Spine,Spine Part Mean Diameter,0,1,1,100000000,610000000125,
0.734894,µm,Spine,Spine Part Mean Diameter,0,1,1,100000000,610000000131,
0.915363,µm,Spine,Spine Part Mean Diameter,0,1,1,100000001,610000000276,
0.617897,µm,Spine,Spine Part Mean Diameter,0,1,1,100000002,610000000423,
0.626937,µm,Spine,Spine Part Mean Diameter,0,1,1,100000002,610000000425,
0.84217,µm,Spine,Spine Part Mean Diameter,0,1,1,100000002,610000000428,
0.974384,µm,Spine,Spine Part Mean Diameter,0,1,1,100000002,610000000432,
0.946425,µm,Spine,Spine Part Mean Diameter,0,1,1,100000002,610000000436,
1.0665,µm,Spine,Spine Part Mean Diameter,0,1,1,100000002,610000000440,
0.739825,µm,Spine,Spine Part Mean Diameter,0,1,1,100000002,610000000451,
