
Spine Part Length Head
 ==================== 
Spine Part Length Head,Unit,Category,Collection,Depth,Level,Time,FilamentID,ID,
0.421944,µm,Spine,Spine Part Length,0,1,1,100000000,610000000116,
0.144317,µm,Spine,Spine Part Length,0,1,1,100000000,610000000123,
0.548597,µm,Spine,Spine Part Length,0,1,1,100000000,610000000125,
0.481516,µm,Spine,Spine Part Length,0,1,1,100000000,610000000131,
0.352778,µm,Spine,Spine Part Length,0,1,1,100000001,610000000276,
0.262519,µm,Spine,Spine Part Length,0,1,1,100000002,610000000423,
0.317051,µm,Spine,Spine Part Length,0,1,1,100000002,610000000425,
0.498201,µm,Spine,Spine Part Length,0,1,1,100000002,610000000428,
0.490654,µm,Spine,Spine Part Length,0,1,1,100000002,610000000432,
0.833656,µm,Spine,Spine Part Length,0,1,1,100000002,610000000436,
0.799186,µm,Spine,Spine Part Length,0,1,1,100000002,610000000440,
0.443584,µm,Spine,Spine Part Length,0,1,1,100000002,610000000451,
