
Spine Part Min Diameter Head
 ==================== 
Spine Part Min Diameter Head,Unit,Category,Collection,Depth,Level,Time,FilamentID,ID,
0.432323,µm,Spine,Spine Part Min Diameter,0,1,1,100000000,610000000116,
0.288634,µm,Spine,Spine Part Min Diameter,0,1,1,100000000,610000000123,
0.668301,µm,Spine,Spine Part Min Diameter,0,1,1,100000000,610000000125,
0.963033,µm,Spine,Spine Part Min Diameter,0,1,1,100000000,610000000131,
0.270437,µm,Spine,Spine Part Min Diameter,0,1,1,100000001,610000000276,
0.525038,µm,Spine,Spine Part Min Diameter,0,1,1,100000002,610000000423,
0.634101,µm,Spine,Spine Part Min Diameter,0,1,1,100000002,610000000425,
0.589206,µm,Spine,Spine Part Min Diameter,0,1,1,100000002,610000000428,
0.548091,µm,Spine,Spine Part Min Diameter,0,1,1,100000002,610000000432,
1.26163,µm,Spine,Spine Part Min Diameter,0,1,1,100000002,610000000436,
0.785981,µm,Spine,Spine Part Min Diameter,0,1,1,100000002,610000000440,
0.887168,µm,Spine,Spine Part Min Diameter,0,1,1,100000002,610000000451,
