
Spine Position X
 ==================== 
Spine Position X,Unit,Category,Collection,Depth,Level,Time,FilamentID,ID,
144.011,µm,Spine,Spine Position,0,1,1,100000000,610000000116,
148.508,µm,Spine,Spine Position,0,1,1,100000000,610000000123,
154.106,µm,Spine,Spine Position,0,1,1,100000000,610000000125,
146.801,µm,Spine,Spine Position,0,1,1,100000000,610000000131,
66.1063,µm,Spine,Spine Position,0,1,1,100000001,610000000276,
95.5087,µm,Spine,Spine Position,0,1,1,100000002,610000000423,
95.9461,µm,Spine,Spine Position,0,1,1,100000002,610000000425,
95.4395,µm,Spine,Spine Position,0,1,1,100000002,610000000428,
95.6697,µm,Spine,Spine Position,0,1,1,100000002,610000000432,
91.8706,µm,Spine,Spine Position,0,1,1,100000002,610000000436,
90.898,µm,Spine,Spine Position,0,1,1,100000002,610000000440,
88.0091,µm,Spine,Spine Position,0,1,1,100000002,610000000451,
