
Pt Time Type=Spine Terminal
 ==================== 
Pt Time,Unit,Category,Depth,Time,Type,FilamentID,ID,
0,s,Point,0,1,Spine Terminal,100000000,800000016,
0,s,Point,0,1,Spine Terminal,100000000,800000017,
0,s,Point,,1,Spine Terminal,100000000,800000018,
0,s,Point,,1,Spine Terminal,100000000,800000019,
0,s,Point,0,1,Spine Terminal,100000000,800000020,
0,s,Point,0,1,Spine Terminal,100000000,800000021,
0,s,Point,0,1,Spine Terminal,100000000,800000022,
0,s,Point,0,1,Spine Terminal,100000000,800000023,
0,s,Point,0,1,Spine Terminal,100000000,800000024,
0,s,Point,0,1,Spine Terminal,100000000,800000025,
0,s,Point,0,1,Spine Terminal,100000000,800000026,
0,s,Point,0,1,Spine Terminal,100000000,800000027,
0,s,Point,0,1,Spine Terminal,100000000,800000028,
0,s,Point,0,1,Spine Terminal,100000000,800000029,
0,s,Point,0,1,Spine Terminal,100000000,800000030,
0,s,Point,0,1,Spine Terminal,100000000,800000031,
0,s,Point,0,1,Spine Terminal,100000000,800000032,
0,s,Point,0,1,Spine Terminal,100000001,800000047,
0,s,Point,0,1,Spine Terminal,100000001,800000048,
0,s,Point,0,1,Spine Terminal,100000001,800000049,
0,s,Point,0,1,Spine Terminal,100000001,800000050,
0,s,Point,0,1,Spine Terminal,100000001,800000051,
0,s,Point,0,1,Spine Terminal,100000001,800000052,
0,s,Point,0,1,Spine Terminal,100000001,800000053,
0,s,Point,0,1,Spine Terminal,100000001,800000054,
0,s,Point,0,1,Spine Terminal,100000001,800000055,
0,s,Point,0,1,Spine Terminal,100000001,800000056,
0,s,Point,0,1,Spine Terminal,100000001,800000057,
0,s,Point,0,1,Spine Terminal,100000001,800000058,
0,s,Point,0,1,Spine Terminal,100000001,800000059,
0,s,Point,0,1,Spine Terminal,100000001,800000060,
0,s,Point,0,1,Spine Terminal,100000002,800000077,
0,s,Point,0,1,Spine Terminal,100000002,800000078,
0,s,Point,0,1,Spine Terminal,100000002,800000079,
0,s,Point,0,1,Spine Terminal,100000002,800000080,
0,s,Point,0,1,Spine Terminal,100000002,800000081,
0,s,Point,0,1,Spine Terminal,100000002,800000082,
0,s,Point,0,1,Spine Terminal,100000002,800000083,
0,s,Point,0,1,Spine Terminal,100000002,800000084,
0,s,Point,0,1,Spine Terminal,100000002,800000085,
0,s,Point,0,1,Spine Terminal,100000002,800000086,
0,s,Point,0,1,Spine Terminal,100000002,800000087,
0,s,Point,0,1,Spine Terminal,100000002,800000088,
0,s,Point,0,1,Spine Terminal,100000002,800000089,
0,s,Point,0,1,Spine Terminal,100000002,800000090,
0,s,Point,0,1,Spine Terminal,100000002,800000091,
0,s,Point,0,1,Spine Terminal,100000003,800000112,
0,s,Point,0,1,Spine Terminal,100000003,800000113,
0,s,Point,0,1,Spine Terminal,100000003,800000114,
0,s,Point,0,1,Spine Terminal,100000003,800000115,
0,s,Point,0,1,Spine Terminal,100000003,800000116,
0,s,Point,0,1,Spine Terminal,100000003,800000117,
0,s,Point,0,1,Spine Terminal,100000003,800000118,
0,s,Point,0,1,Spine Terminal,100000003,800000119,
0,s,Point,0,1,Spine Terminal,100000003,800000120,
0,s,Point,0,1,Spine Terminal,100000003,800000121,
0,s,Point,0,1,Spine Terminal,100000003,800000122,
0,s,Point,0,1,Spine Terminal,100000003,800000123,
0,s,Point,0,1,Spine Terminal,100000003,800000124,
0,s,Point,0,1,Spine Terminal,100000003,800000125,
0,s,Point,0,1,Spine Terminal,100000003,800000126,
0,s,Point,0,1,Spine Terminal,100000003,800000127,
0,s,Point,0,1,Spine Terminal,100000003,800000128,
0,s,Point,0,1,Spine Terminal,100000003,800000129,
