
Spine Part Volume Head
 ==================== 
Spine Part Volume Head,Unit,Category,Collection,Depth,Level,Time,FilamentID,ID,
0.22955,µm^3,Spine,Spine Part Volume,0,1,1,100000000,610000000194,
0.00751009,µm^3,Spine,Spine Part Volume,0,1,1,100000000,610000000219,
0.26695,µm^3,Spine,Spine Part Volume,0,1,1,100000000,610000000226,
0.023654,µm^3,Spine,Spine Part Volume,0,1,1,100000000,610000000252,
0.0181746,µm^3,Spine,Spine Part Volume,0,1,1,100000000,610000000260,
0.0496023,µm^3,Spine,Spine Part Volume,0,1,1,100000000,610000000269,
0.0297238,µm^3,Spine,Spine Part Volume,0,1,1,100000000,610000000288,
0.113266,µm^3,Spine,Spine Part Volume,0,1,1,100000000,610000000300,
0.43445,µm^3,Spine,Spine Part Volume,0,1,1,100000000,610000000316,
0.339629,µm^3,Spine,Spine Part Volume,0,1,1,100000000,610000000323,
0.0216632,µm^3,Spine,Spine Part Volume,0,1,1,100000000,610000000348,
0.0111158,µm^3,Spine,Spine Part Volume,0,1,1,100000000,610000000357,
0.00954038,µm^3,Spine,Spine Part Volume,0,1,1,100000000,610000000362,
0.0917137,µm^3,Spine,Spine Part Volume,0,1,1,100000000,610000000366,
0.0115859,µm^3,Spine,Spine Part Volume,0,1,1,100000000,610000000381,
0.0711871,µm^3,Spine,Spine Part Volume,0,1,1,100000000,610000000388,
0.0141962,µm^3,Spine,Spine Part Volume,0,1,1,100000001,610000000593,
0.00989619,µm^3,Spine,Spine Part Volume,0,1,1,100000001,610000000604,
0.0908185,µm^3,Spine,Spine Part Volume,0,1,1,100000001,610000000611,
0.0413792,µm^3,Spine,Spine Part Volume,0,1,1,100000001,610000000624,
0.0199382,µm^3,Spine,Spine Part Volume,0,1,1,100000001,610000000641,
0.0225926,µm^3,Spine,Spine Part Volume,0,1,1,100000001,610000000646,
0.011768,µm^3,Spine,Spine Part Volume,0,1,1,100000001,610000000654,
0.00782041,µm^3,Spine,Spine Part Volume,0,1,1,100000001,610000000658,
0.0129952,µm^3,Spine,Spine Part Volume,0,1,1,100000001,610000000663,
0.0219381,µm^3,Spine,Spine Part Volume,0,1,1,100000001,610000000669,
0.389921,µm^3,Spine,Spine Part Volume,0,1,1,100000001,610000000674,
0.0885741,µm^3,Spine,Spine Part Volume,0,1,1,100000001,610000000699,
0.121927,µm^3,Spine,Spine Part Volume,0,1,1,100000001,610000000717,
0.0148651,µm^3,Spine,Spine Part Volume,0,1,1,100000001,610000000732,
0.13671,µm^3,Spine,Spine Part Volume,0,1,1,100000002,610000000917,
0.00338044,µm^3,Spine,Spine Part Volume,0,1,1,100000002,610000000936,
0.0194964,µm^3,Spine,Spine Part Volume,0,1,1,100000002,610000000938,
0.0345625,µm^3,Spine,Spine Part Volume,0,1,1,100000002,610000000942,
0.00822862,µm^3,Spine,Spine Part Volume,0,1,1,100000002,610000000953,
0.138412,µm^3,Spine,Spine Part Volume,0,1,1,100000002,610000000960,
0.0316228,µm^3,Spine,Spine Part Volume,0,1,1,100000002,610000000980,
0.0396723,µm^3,Spine,Spine Part Volume,0,1,1,100000002,610000000991,
0.0207439,µm^3,Spine,Spine Part Volume,0,1,1,100000002,610000001005,
0.0807402,µm^3,Spine,Spine Part Volume,0,1,1,100000002,610000001014,
0.0112248,µm^3,Spine,Spine Part Volume,0,1,1,100000002,610000001028,
0.0790417,µm^3,Spine,Spine Part Volume,0,1,1,100000002,610000001033,
0.0571428,µm^3,Spine,Spine Part Volume,0,1,1,100000002,610000001052,
0.0286337,µm^3,Spine,Spine Part Volume,0,1,1,100000002,610000001071,
0.967425,µm^3,Spine,Spine Part Volume,0,1,1,100000002,610000001082,
0.0530936,µm^3,Spine,Spine Part Volume,0,1,1,100000003,610000001272,
0.0691329,µm^3,Spine,Spine Part Volume,0,1,1,100000003,610000001285,
0.0479376,µm^3,Spine,Spine Part Volume,0,1,1,100000003,610000001300,
0.128809,µm^3,Spine,Spine Part Volume,0,1,1,100000003,610000001311,
0.0274681,µm^3,Spine,Spine Part Volume,0,1,1,100000003,610000001332,
0.0145977,µm^3,Spine,Spine Part Volume,0,1,1,100000003,610000001344,
0.00303985,µm^3,Spine,Spine Part Volume,0,1,1,100000003,610000001348,
0.0477543,µm^3,Spine,Spine Part Volume,0,1,1,100000003,610000001351,
0.127777,µm^3,Spine,Spine Part Volume,0,1,1,100000003,610000001361,
0.0232228,µm^3,Spine,Spine Part Volume,0,1,1,100000003,610000001381,
0.0651596,µm^3,Spine,Spine Part Volume,0,1,1,100000003,610000001394,
0.0622101,µm^3,Spine,Spine Part Volume,0,1,1,100000003,610000001409,
0.016451,µm^3,Spine,Spine Part Volume,0,1,1,100000003,610000001427,
0.0320336,µm^3,Spine,Spine Part Volume,0,1,1,100000003,610000001435,
0.0894778,µm^3,Spine,Spine Part Volume,0,1,1,100000003,610000001444,
0.00995474,µm^3,Spine,Spine Part Volume,0,1,1,100000003,610000001460,
0.0645205,µm^3,Spine,Spine Part Volume,0,1,1,100000003,610000001467,
0.0385716,µm^3,Spine,Spine Part Volume,0,1,1,100000003,610000001484,
