
Spine Position Z
 ==================== 
Spine Position Z,Unit,Category,Collection,Depth,Level,Time,FilamentID,ID,
16.9426,µm,Spine,Spine Position,0,1,1,100000000,610000000194,
17.9203,µm,Spine,Spine Position,0,1,1,100000000,610000000219,
17.0628,µm,Spine,Spine Position,0,1,1,100000000,610000000226,
17.0323,µm,Spine,Spine Position,0,1,1,100000000,610000000252,
16.4707,µm,Spine,Spine Position,0,1,1,100000000,610000000260,
15.9144,µm,Spine,Spine Position,0,1,1,100000000,610000000269,
16.5144,µm,Spine,Spine Position,0,1,1,100000000,610000000288,
15.7461,µm,Spine,Spine Position,0,1,1,100000000,610000000300,
16.2065,µm,Spine,Spine Position,0,1,1,100000000,610000000316,
13.6478,µm,Spine,Spine Position,0,1,1,100000000,610000000323,
13.2314,µm,Spine,Spine Position,0,1,1,100000000,610000000348,
13.2383,µm,Spine,Spine Position,0,1,1,100000000,610000000357,
12.7902,µm,Spine,Spine Position,0,1,1,100000000,610000000362,
12.5979,µm,Spine,Spine Position,0,1,1,100000000,610000000366,
12.6392,µm,Spine,Spine Position,0,1,1,100000000,610000000381,
14.4035,µm,Spine,Spine Position,0,1,1,100000000,610000000388,
20.5316,µm,Spine,Spine Position,0,1,1,100000001,610000000593,
20.4029,µm,Spine,Spine Position,0,1,1,100000001,610000000604,
20.3831,µm,Spine,Spine Position,0,1,1,100000001,610000000611,
19.9997,µm,Spine,Spine Position,0,1,1,100000001,610000000624,
19.8913,µm,Spine,Spine Position,0,1,1,100000001,610000000641,
19.8583,µm,Spine,Spine Position,0,1,1,100000001,610000000646,
19.1605,µm,Spine,Spine Position,0,1,1,100000001,610000000654,
19.2189,µm,Spine,Spine Position,0,1,1,100000001,610000000658,
20.6071,µm,Spine,Spine Position,0,1,1,100000001,610000000663,
20.1915,µm,Spine,Spine Position,0,1,1,100000001,610000000669,
19.7931,µm,Spine,Spine Position,0,1,1,100000001,610000000674,
20.2039,µm,Spine,Spine Position,0,1,1,100000001,610000000699,
21.8692,µm,Spine,Spine Position,0,1,1,100000001,610000000717,
20.3621,µm,Spine,Spine Position,0,1,1,100000001,610000000732,
14.6608,µm,Spine,Spine Position,0,1,1,100000002,610000000917,
11.6543,µm,Spine,Spine Position,0,1,1,100000002,610000000936,
11.5391,µm,Spine,Spine Position,0,1,1,100000002,610000000938,
4.0256,µm,Spine,Spine Position,0,1,1,100000002,610000000942,
3.06496,µm,Spine,Spine Position,0,1,1,100000002,610000000953,
2.51939,µm,Spine,Spine Position,0,1,1,100000002,610000000960,
4.83624,µm,Spine,Spine Position,0,1,1,100000002,610000000980,
4.28199,µm,Spine,Spine Position,0,1,1,100000002,610000000991,
6.13108,µm,Spine,Spine Position,0,1,1,100000002,610000001005,
7.77204,µm,Spine,Spine Position,0,1,1,100000002,610000001014,
7.02218,µm,Spine,Spine Position,0,1,1,100000002,610000001028,
8.32434,µm,Spine,Spine Position,0,1,1,100000002,610000001033,
10.25,µm,Spine,Spine Position,0,1,1,100000002,610000001052,
10.7941,µm,Spine,Spine Position,0,1,1,100000002,610000001071,
11.4518,µm,Spine,Spine Position,0,1,1,100000002,610000001082,
15.5105,µm,Spine,Spine Position,0,1,1,100000003,610000001272,
15.4282,µm,Spine,Spine Position,0,1,1,100000003,610000001285,
14.8195,µm,Spine,Spine Position,0,1,1,100000003,610000001300,
13.9298,µm,Spine,Spine Position,0,1,1,100000003,610000001311,
14.1504,µm,Spine,Spine Position,0,1,1,100000003,610000001332,
14.1399,µm,Spine,Spine Position,0,1,1,100000003,610000001344,
14.7193,µm,Spine,Spine Position,0,1,1,100000003,610000001348,
17.1866,µm,Spine,Spine Position,0,1,1,100000003,610000001351,
16.9237,µm,Spine,Spine Position,0,1,1,100000003,610000001361,
15.3707,µm,Spine,Spine Position,0,1,1,100000003,610000001381,
16.0394,µm,Spine,Spine Position,0,1,1,100000003,610000001394,
14.4708,µm,Spine,Spine Position,0,1,1,100000003,610000001409,
14.7419,µm,Spine,Spine Position,0,1,1,100000003,610000001427,
14.2188,µm,Spine,Spine Position,0,1,1,100000003,610000001435,
15.0413,µm,Spine,Spine Position,0,1,1,100000003,610000001444,
15.4376,µm,Spine,Spine Position,0,1,1,100000003,610000001460,
15.0461,µm,Spine,Spine Position,0,1,1,100000003,610000001467,
14.4762,µm,Spine,Spine Position,0,1,1,100000003,610000001484,
