
Dendrite Position
 ==================== 
Dendrite Position X,Dendrite Position Y,Dendrite Position Z,Unit,Category,Collection,Depth,Level,Time,FilamentID,ID,
130.765,44.2048,15.6933,µm,Dendrite,Dendrite Position,0,1,1,100000000,510000000001,
160.334,117.017,20.456,µm,Dendrite,Dendrite Position,0,1,1,100000001,510000000412,
106.524,105.928,9.88005,µm,Dendrite,Dendrite Position,0,1,1,100000002,510000000736,
108.842,64.1266,15.9806,µm,Dendrite,Dendrite Position,0,1,1,100000003,510000001086,
