
Spine Terminal Pt Distance from Origin
 ==================== 
Spine Terminal Pt Distance from Origin,Unit,Category,Collection,Depth,Level,Time,FilamentID,ID,
145.752,µm,Spine,Spine Terminal Pt Distance from Origin,0,1,1,100000000,610000000194,
142.583,µm,Spine,Spine Terminal Pt Distance from Origin,0,1,1,100000000,610000000219,
142.257,µm,Spine,Spine Terminal Pt Distance from Origin,,,1,100000000,610000000226,
142.789,µm,Spine,Spine Terminal Pt Distance from Origin,0,1,1,100000000,610000000252,
142.023,µm,Spine,Spine Terminal Pt Distance from Origin,0,1,1,100000000,610000000260,
142.035,µm,Spine,Spine Terminal Pt Distance from Origin,0,1,1,100000000,610000000269,
138.726,µm,Spine,Spine Terminal Pt Distance from Origin,0,1,1,100000000,610000000288,
141.289,µm,Spine,Spine Terminal Pt Distance from Origin,0,1,1,100000000,610000000300,
140.543,µm,Spine,Spine Terminal Pt Distance from Origin,0,1,1,100000000,610000000316,
133.106,µm,Spine,Spine Terminal Pt Distance from Origin,0,1,1,100000000,610000000323,
133.867,µm,Spine,Spine Terminal Pt Distance from Origin,0,1,1,100000000,610000000348,
134.451,µm,Spine,Spine Terminal Pt Distance from Origin,0,1,1,100000000,610000000357,
135.328,µm,Spine,Spine Terminal Pt Distance from Origin,0,1,1,100000000,610000000362,
133.458,µm,Spine,Spine Terminal Pt Distance from Origin,0,1,1,100000000,610000000366,
135.716,µm,Spine,Spine Terminal Pt Distance from Origin,0,1,1,100000000,610000000381,
135.464,µm,Spine,Spine Terminal Pt Distance from Origin,0,1,1,100000000,610000000388,
182.302,µm,Spine,Spine Terminal Pt Distance from Origin,0,1,1,100000001,610000000593,
186.297,µm,Spine,Spine Terminal Pt Distance from Origin,0,1,1,100000001,610000000604,
188.207,µm,Spine,Spine Terminal Pt Distance from Origin,0,1,1,100000001,610000000611,
187.286,µm,Spine,Spine Terminal Pt Distance from Origin,0,1,1,100000001,610000000624,
190.893,µm,Spine,Spine Terminal Pt Distance from Origin,0,1,1,100000001,610000000641,
193.046,µm,Spine,Spine Terminal Pt Distance from Origin,0,1,1,100000001,610000000646,
193.704,µm,Spine,Spine Terminal Pt Distance from Origin,0,1,1,100000001,610000000654,
193.869,µm,Spine,Spine Terminal Pt Distance from Origin,0,1,1,100000001,610000000658,
195.458,µm,Spine,Spine Terminal Pt Distance from Origin,0,1,1,100000001,610000000663,
199.783,µm,Spine,Spine Terminal Pt Distance from Origin,0,1,1,100000001,610000000669,
208.563,µm,Spine,Spine Terminal Pt Distance from Origin,0,1,1,100000001,610000000674,
212.154,µm,Spine,Spine Terminal Pt Distance from Origin,0,1,1,100000001,610000000699,
198.941,µm,Spine,Spine Terminal Pt Distance from Origin,0,1,1,100000001,610000000717,
198.823,µm,Spine,Spine Terminal Pt Distance from Origin,0,1,1,100000001,610000000732,
151.029,µm,Spine,Spine Terminal Pt Distance from Origin,0,1,1,100000002,610000000917,
149.322,µm,Spine,Spine Terminal Pt Distance from Origin,0,1,1,100000002,610000000936,
148.795,µm,Spine,Spine Terminal Pt Distance from Origin,0,1,1,100000002,610000000938,
153.891,µm,Spine,Spine Terminal Pt Distance from Origin,0,1,1,100000002,610000000942,
151.781,µm,Spine,Spine Terminal Pt Distance from Origin,0,1,1,100000002,610000000953,
151.319,µm,Spine,Spine Terminal Pt Distance from Origin,0,1,1,100000002,610000000960,
150.002,µm,Spine,Spine Terminal Pt Distance from Origin,0,1,1,100000002,610000000980,
152.621,µm,Spine,Spine Terminal Pt Distance from Origin,0,1,1,100000002,610000000991,
149.84,µm,Spine,Spine Terminal Pt Distance from Origin,0,1,1,100000002,610000001005,
148.891,µm,Spine,Spine Terminal Pt Distance from Origin,0,1,1,100000002,610000001014,
149.634,µm,Spine,Spine Terminal Pt Distance from Origin,0,1,1,100000002,610000001028,
148.169,µm,Spine,Spine Terminal Pt Distance from Origin,0,1,1,100000002,610000001033,
150.593,µm,Spine,Spine Terminal Pt Distance from Origin,0,1,1,100000002,610000001052,
148.402,µm,Spine,Spine Terminal Pt Distance from Origin,0,1,1,100000002,610000001071,
148.753,µm,Spine,Spine Terminal Pt Distance from Origin,0,1,1,100000002,610000001082,
140.524,µm,Spine,Spine Terminal Pt Distance from Origin,0,1,1,100000003,610000001272,
136.048,µm,Spine,Spine Terminal Pt Distance from Origin,0,1,1,100000003,610000001285,
133.76,µm,Spine,Spine Terminal Pt Distance from Origin,0,1,1,100000003,610000001300,
133.327,µm,Spine,Spine Terminal Pt Distance from Origin,0,1,1,100000003,610000001311,
131.227,µm,Spine,Spine Terminal Pt Distance from Origin,0,1,1,100000003,610000001332,
129.229,µm,Spine,Spine Terminal Pt Distance from Origin,0,1,1,100000003,610000001344,
127.833,µm,Spine,Spine Terminal Pt Distance from Origin,0,1,1,100000003,610000001348,
116.252,µm,Spine,Spine Terminal Pt Distance from Origin,0,1,1,100000003,610000001351,
117.383,µm,Spine,Spine Terminal Pt Distance from Origin,0,1,1,100000003,610000001361,
122.194,µm,Spine,Spine Terminal Pt Distance from Origin,0,1,1,100000003,610000001381,
119.775,µm,Spine,Spine Terminal Pt Distance from Origin,0,1,1,100000003,610000001394,
130.5,µm,Spine,Spine Terminal Pt Distance from Origin,0,1,1,100000003,610000001409,
126,µm,Spine,Spine Terminal Pt Distance from Origin,0,1,1,100000003,610000001427,
127.367,µm,Spine,Spine Terminal Pt Distance from Origin,0,1,1,100000003,610000001435,
123.127,µm,Spine,Spine Terminal Pt Distance from Origin,0,1,1,100000003,610000001444,
125.11,µm,Spine,Spine Terminal Pt Distance from Origin,0,1,1,100000003,610000001460,
124.951,µm,Spine,Spine Terminal Pt Distance from Origin,0,1,1,100000003,610000001467,
125.884,µm,Spine,Spine Terminal Pt Distance from Origin,0,1,1,100000003,610000001484,
