
Spine Part Min Diameter Neck
 ==================== 
Spine Part Min Diameter Neck,Unit,Category,Collection,Depth,Level,Time,FilamentID,ID,
0.402175,µm,Spine,Spine Part Min Diameter,0,1,1,100000000,610000000194,
0.348825,µm,Spine,Spine Part Min Diameter,0,1,1,100000000,610000000219,
0.765363,µm,Spine,Spine Part Min Diameter,0,1,1,100000000,610000000226,
0.670968,µm,Spine,Spine Part Min Diameter,0,1,1,100000000,610000000252,
0.604828,µm,Spine,Spine Part Min Diameter,0,1,1,100000000,610000000260,
0.22,µm,Spine,Spine Part Min Diameter,0,1,1,100000000,610000000269,
0.609919,µm,Spine,Spine Part Min Diameter,0,1,1,100000000,610000000288,
0.618403,µm,Spine,Spine Part Min Diameter,0,1,1,100000000,610000000300,
1.03868,µm,Spine,Spine Part Min Diameter,0,1,1,100000000,610000000316,
0.354148,µm,Spine,Spine Part Min Diameter,0,1,1,100000000,610000000323,
0.490622,µm,Spine,Spine Part Min Diameter,0,1,1,100000000,610000000348,
0.545386,µm,Spine,Spine Part Min Diameter,0,1,1,100000000,610000000357,
0,µm,Spine,Spine Part Min Diameter,0,1,1,100000000,610000000362,
0.645085,µm,Spine,Spine Part Min Diameter,0,1,1,100000000,610000000366,
0.550693,µm,Spine,Spine Part Min Diameter,0,1,1,100000000,610000000381,
0.491039,µm,Spine,Spine Part Min Diameter,0,1,1,100000000,610000000388,
0.443801,µm,Spine,Spine Part Min Diameter,0,1,1,100000001,610000000593,
0.501624,µm,Spine,Spine Part Min Diameter,0,1,1,100000001,610000000604,
0.837391,µm,Spine,Spine Part Min Diameter,0,1,1,100000001,610000000611,
0.22,µm,Spine,Spine Part Min Diameter,0,1,1,100000001,610000000624,
0.633963,µm,Spine,Spine Part Min Diameter,0,1,1,100000001,610000000641,
0.649661,µm,Spine,Spine Part Min Diameter,0,1,1,100000001,610000000646,
0,µm,Spine,Spine Part Min Diameter,0,1,1,100000001,610000000654,
0.37281,µm,Spine,Spine Part Min Diameter,0,1,1,100000001,610000000658,
0.584045,µm,Spine,Spine Part Min Diameter,0,1,1,100000001,610000000663,
0.557394,µm,Spine,Spine Part Min Diameter,0,1,1,100000001,610000000669,
0.602667,µm,Spine,Spine Part Min Diameter,0,1,1,100000001,610000000674,
0.912694,µm,Spine,Spine Part Min Diameter,0,1,1,100000001,610000000699,
0.22,µm,Spine,Spine Part Min Diameter,0,1,1,100000001,610000000717,
0.59351,µm,Spine,Spine Part Min Diameter,0,1,1,100000001,610000000732,
0.683688,µm,Spine,Spine Part Min Diameter,0,1,1,100000002,610000000917,
0,µm,Spine,Spine Part Min Diameter,0,1,1,100000002,610000000936,
0,µm,Spine,Spine Part Min Diameter,0,1,1,100000002,610000000938,
0.67817,µm,Spine,Spine Part Min Diameter,0,1,1,100000002,610000000942,
0.409348,µm,Spine,Spine Part Min Diameter,0,1,1,100000002,610000000953,
0.485698,µm,Spine,Spine Part Min Diameter,0,1,1,100000002,610000000960,
0.655128,µm,Spine,Spine Part Min Diameter,0,1,1,100000002,610000000980,
0.49976,µm,Spine,Spine Part Min Diameter,0,1,1,100000002,610000000991,
0.565222,µm,Spine,Spine Part Min Diameter,0,1,1,100000002,610000001005,
0.698829,µm,Spine,Spine Part Min Diameter,0,1,1,100000002,610000001014,
0.599401,µm,Spine,Spine Part Min Diameter,0,1,1,100000002,610000001028,
0.22,µm,Spine,Spine Part Min Diameter,0,1,1,100000002,610000001033,
0.585932,µm,Spine,Spine Part Min Diameter,0,1,1,100000002,610000001052,
0.608558,µm,Spine,Spine Part Min Diameter,0,1,1,100000002,610000001071,
1.56982,µm,Spine,Spine Part Min Diameter,0,1,1,100000002,610000001082,
0.606855,µm,Spine,Spine Part Min Diameter,0,1,1,100000003,610000001272,
0.584683,µm,Spine,Spine Part Min Diameter,0,1,1,100000003,610000001285,
0.795833,µm,Spine,Spine Part Min Diameter,0,1,1,100000003,610000001300,
0.22,µm,Spine,Spine Part Min Diameter,0,1,1,100000003,610000001311,
0.388205,µm,Spine,Spine Part Min Diameter,0,1,1,100000003,610000001332,
0,µm,Spine,Spine Part Min Diameter,0,1,1,100000003,610000001344,
0.435538,µm,Spine,Spine Part Min Diameter,0,1,1,100000003,610000001348,
0.648087,µm,Spine,Spine Part Min Diameter,0,1,1,100000003,610000001351,
0.742217,µm,Spine,Spine Part Min Diameter,0,1,1,100000003,610000001361,
0.261647,µm,Spine,Spine Part Min Diameter,0,1,1,100000003,610000001381,
0.766479,µm,Spine,Spine Part Min Diameter,0,1,1,100000003,610000001394,
0.22,µm,Spine,Spine Part Min Diameter,0,1,1,100000003,610000001409,
0.507655,µm,Spine,Spine Part Min Diameter,0,1,1,100000003,610000001427,
0.450894,µm,Spine,Spine Part Min Diameter,0,1,1,100000003,610000001435,
0.700995,µm,Spine,Spine Part Min Diameter,0,1,1,100000003,610000001444,
0.45385,µm,Spine,Spine Part Min Diameter,0,1,1,100000003,610000001460,
0.554035,µm,Spine,Spine Part Min Diameter,0,1,1,100000003,610000001467,
0.771821,µm,Spine,Spine Part Min Diameter,0,1,1,100000003,610000001484,
