
Spine Part Max Diameter
 ==================== 
Spine Part Max Diameter Ground,Spine Part Max Diameter Head,Spine Part Max Diameter Neck,Unit,Category,Collection,Depth,Level,Time,FilamentID,ID,
0.972576,0.921047,0.953822,µm,Spine,Spine Part Max Diameter,0,1,1,100000000,610000000194,
0.736616,0.247111,0.508493,µm,Spine,Spine Part Max Diameter,0,1,1,100000000,610000000219,
1.09203,0.897418,0.966714,µm,Spine,Spine Part Max Diameter,0,1,1,100000000,610000000226,
1.06625,0.485315,0.827781,µm,Spine,Spine Part Max Diameter,0,1,1,100000000,610000000252,
1.28875,0.405704,1.02153,µm,Spine,Spine Part Max Diameter,0,1,1,100000000,610000000260,
0.779071,0.397578,0.364256,µm,Spine,Spine Part Max Diameter,0,1,1,100000000,610000000269,
1.21283,0.475259,0.940089,µm,Spine,Spine Part Max Diameter,0,1,1,100000000,610000000288,
0.730601,0.703062,0.687837,µm,Spine,Spine Part Max Diameter,0,1,1,100000000,610000000300,
1.04919,1.07716,1.05031,µm,Spine,Spine Part Max Diameter,0,1,1,100000000,610000000316,
0.897902,0.80626,0.729369,µm,Spine,Spine Part Max Diameter,0,1,1,100000000,610000000323,
0.783224,0.396945,0.657213,µm,Spine,Spine Part Max Diameter,0,1,1,100000000,610000000348,
0.742728,0.387748,0.545386,µm,Spine,Spine Part Max Diameter,0,1,1,100000000,610000000357,
0.651579,0.33278,0,µm,Spine,Spine Part Max Diameter,0,1,1,100000000,610000000362,
1.11301,0.622563,0.846916,µm,Spine,Spine Part Max Diameter,0,1,1,100000000,610000000366,
0.860137,0.394553,0.788849,µm,Spine,Spine Part Max Diameter,0,1,1,100000000,610000000381,
0.805571,0.457045,0.680524,µm,Spine,Spine Part Max Diameter,0,1,1,100000000,610000000388,
0.971031,0.316018,0.835627,µm,Spine,Spine Part Max Diameter,0,1,1,100000001,610000000593,
0.928061,0.342154,0.808434,µm,Spine,Spine Part Max Diameter,0,1,1,100000001,610000000604,
0.991853,0.743788,0.909554,µm,Spine,Spine Part Max Diameter,0,1,1,100000001,610000000611,
0.567534,0.372291,0.282168,µm,Spine,Spine Part Max Diameter,0,1,1,100000001,610000000624,
0.80381,0.471221,0.633963,µm,Spine,Spine Part Max Diameter,0,1,1,100000001,610000000641,
1.17451,0.463759,0.832959,µm,Spine,Spine Part Max Diameter,0,1,1,100000001,610000000646,
0.681059,0.40355,0,µm,Spine,Spine Part Max Diameter,0,1,1,100000001,610000000654,
0.658717,0.254795,0.37281,µm,Spine,Spine Part Max Diameter,0,1,1,100000001,610000000658,
0.915904,0.410736,0.745089,µm,Spine,Spine Part Max Diameter,0,1,1,100000001,610000000663,
0.617003,0.467554,0.557394,µm,Spine,Spine Part Max Diameter,0,1,1,100000001,610000000669,
0.906658,0.747629,0.871629,µm,Spine,Spine Part Max Diameter,0,1,1,100000001,610000000674,
1.00673,0.77112,1.08517,µm,Spine,Spine Part Max Diameter,0,1,1,100000001,610000000699,
0.780849,0.644015,0.238027,µm,Spine,Spine Part Max Diameter,0,1,1,100000001,610000000717,
0.686594,0.384355,0.59351,µm,Spine,Spine Part Max Diameter,0,1,1,100000001,610000000732,
0.954702,0.917387,0.973563,µm,Spine,Spine Part Max Diameter,0,1,1,100000002,610000000917,
0.506754,0.234604,0,µm,Spine,Spine Part Max Diameter,0,1,1,100000002,610000000936,
0.685763,0.471088,0,µm,Spine,Spine Part Max Diameter,0,1,1,100000002,610000000938,
0.818037,0.547938,0.833119,µm,Spine,Spine Part Max Diameter,0,1,1,100000002,610000000942,
0.963409,0.280676,0.774495,µm,Spine,Spine Part Max Diameter,0,1,1,100000002,610000000953,
0.868665,0.636154,0.527231,µm,Spine,Spine Part Max Diameter,0,1,1,100000002,610000000960,
0.838428,0.539266,0.800452,µm,Spine,Spine Part Max Diameter,0,1,1,100000002,610000000980,
0.933774,0.451272,0.700998,µm,Spine,Spine Part Max Diameter,0,1,1,100000002,610000000991,
0.839148,0.436395,0.695793,µm,Spine,Spine Part Max Diameter,0,1,1,100000002,610000001005,
1.0647,0.609629,0.963414,µm,Spine,Spine Part Max Diameter,0,1,1,100000002,610000001014,
0.876651,0.396494,0.599401,µm,Spine,Spine Part Max Diameter,0,1,1,100000002,610000001028,
0.531812,0.677705,0.665475,µm,Spine,Spine Part Max Diameter,0,1,1,100000002,610000001033,
1.45809,0.593568,0.925136,µm,Spine,Spine Part Max Diameter,0,1,1,100000002,610000001052,
1.38051,0.487691,1.21394,µm,Spine,Spine Part Max Diameter,0,1,1,100000002,610000001071,
1.28562,1.54602,1.56982,µm,Spine,Spine Part Max Diameter,0,1,1,100000002,610000001082,
0.910412,0.536714,0.71665,µm,Spine,Spine Part Max Diameter,0,1,1,100000003,610000001272,
0.734478,0.733868,0.869563,µm,Spine,Spine Part Max Diameter,0,1,1,100000003,610000001285,
0.967881,0.641194,0.913347,µm,Spine,Spine Part Max Diameter,0,1,1,100000003,610000001300,
0.570611,0.565897,0.258573,µm,Spine,Spine Part Max Diameter,0,1,1,100000003,610000001311,
0.737107,0.37225,0.528462,µm,Spine,Spine Part Max Diameter,0,1,1,100000003,610000001332,
0.506754,0.401471,0,µm,Spine,Spine Part Max Diameter,0,1,1,100000003,610000001344,
0.564726,0.226444,0.435538,µm,Spine,Spine Part Max Diameter,0,1,1,100000003,610000001348,
0.980759,0.564979,0.935607,µm,Spine,Spine Part Max Diameter,0,1,1,100000003,610000001351,
1.51847,0.72798,1.10794,µm,Spine,Spine Part Max Diameter,0,1,1,100000003,610000001361,
0.749613,0.291746,0.357479,µm,Spine,Spine Part Max Diameter,0,1,1,100000003,610000001381,
0.820908,0.704498,0.91299,µm,Spine,Spine Part Max Diameter,0,1,1,100000003,610000001394,
0.506754,0.511409,0.599597,µm,Spine,Spine Part Max Diameter,0,1,1,100000003,610000001409,
0.879791,0.363106,0.638185,µm,Spine,Spine Part Max Diameter,0,1,1,100000003,610000001427,
0.630098,0.392487,0.5422,µm,Spine,Spine Part Max Diameter,0,1,1,100000003,610000001435,
0.880641,0.703619,0.733377,µm,Spine,Spine Part Max Diameter,0,1,1,100000003,610000001444,
0.685348,0.331477,0.659438,µm,Spine,Spine Part Max Diameter,0,1,1,100000003,610000001460,
1.0524,0.543836,0.878483,µm,Spine,Spine Part Max Diameter,0,1,1,100000003,610000001467,
1.01511,0.594946,0.92449,µm,Spine,Spine Part Max Diameter,0,1,1,100000003,610000001484,
