
Spine Part Volume Neck
 ==================== 
Spine Part Volume Neck,Unit,Category,Collection,Depth,Level,Time,FilamentID,ID,
0.523538,µm^3,Spine,Spine Part Volume,0,1,1,100000000,610000000194,
0.0237698,µm^3,Spine,Spine Part Volume,0,1,1,100000000,610000000219,
0.799735,µm^3,Spine,Spine Part Volume,0,1,1,100000000,610000000226,
0.0810567,µm^3,Spine,Spine Part Volume,0,1,1,100000000,610000000252,
0.14534,µm^3,Spine,Spine Part Volume,0,1,1,100000000,610000000260,
0.0684634,µm^3,Spine,Spine Part Volume,0,1,1,100000000,610000000269,
0.203203,µm^3,Spine,Spine Part Volume,0,1,1,100000000,610000000288,
0.248603,µm^3,Spine,Spine Part Volume,0,1,1,100000000,610000000300,
0.298027,µm^3,Spine,Spine Part Volume,0,1,1,100000000,610000000316,
0.253798,µm^3,Spine,Spine Part Volume,0,1,1,100000000,610000000323,
0.0835887,µm^3,Spine,Spine Part Volume,0,1,1,100000000,610000000348,
0.0194847,µm^3,Spine,Spine Part Volume,0,1,1,100000000,610000000357,
0,µm^3,Spine,Spine Part Volume,0,1,1,100000000,610000000362,
0.316949,µm^3,Spine,Spine Part Volume,0,1,1,100000000,610000000366,
0.102067,µm^3,Spine,Spine Part Volume,0,1,1,100000000,610000000381,
0.362167,µm^3,Spine,Spine Part Volume,0,1,1,100000000,610000000388,
0.166937,µm^3,Spine,Spine Part Volume,0,1,1,100000001,610000000593,
0.101592,µm^3,Spine,Spine Part Volume,0,1,1,100000001,610000000604,
0.345733,µm^3,Spine,Spine Part Volume,0,1,1,100000001,610000000611,
0.0390406,µm^3,Spine,Spine Part Volume,0,1,1,100000001,610000000624,
0.0265479,µm^3,Spine,Spine Part Volume,0,1,1,100000001,610000000641,
0.0785657,µm^3,Spine,Spine Part Volume,0,1,1,100000001,610000000646,
0,µm^3,Spine,Spine Part Volume,0,1,1,100000001,610000000654,
0.00907802,µm^3,Spine,Spine Part Volume,0,1,1,100000001,610000000658,
0.0630493,µm^3,Spine,Spine Part Volume,0,1,1,100000001,610000000663,
0.0241506,µm^3,Spine,Spine Part Volume,0,1,1,100000001,610000000669,
0.456815,µm^3,Spine,Spine Part Volume,0,1,1,100000001,610000000674,
0.747176,µm^3,Spine,Spine Part Volume,0,1,1,100000001,610000000699,
0.0427449,µm^3,Spine,Spine Part Volume,0,1,1,100000001,610000000717,
0.0218469,µm^3,Spine,Spine Part Volume,0,1,1,100000001,610000000732,
0.529828,µm^3,Spine,Spine Part Volume,0,1,1,100000002,610000000917,
0,µm^3,Spine,Spine Part Volume,0,1,1,100000002,610000000936,
0,µm^3,Spine,Spine Part Volume,0,1,1,100000002,610000000938,
0.303982,µm^3,Spine,Spine Part Volume,0,1,1,100000002,610000000942,
0.0726196,µm^3,Spine,Spine Part Volume,0,1,1,100000002,610000000953,
0.231095,µm^3,Spine,Spine Part Volume,0,1,1,100000002,610000000960,
0.242759,µm^3,Spine,Spine Part Volume,0,1,1,100000002,610000000980,
0.207371,µm^3,Spine,Spine Part Volume,0,1,1,100000002,610000000991,
0.0923028,µm^3,Spine,Spine Part Volume,0,1,1,100000002,610000001005,
0.424613,µm^3,Spine,Spine Part Volume,0,1,1,100000002,610000001014,
0.0218198,µm^3,Spine,Spine Part Volume,0,1,1,100000002,610000001028,
0.159625,µm^3,Spine,Spine Part Volume,0,1,1,100000002,610000001033,
0.372078,µm^3,Spine,Spine Part Volume,0,1,1,100000002,610000001052,
0.348834,µm^3,Spine,Spine Part Volume,0,1,1,100000002,610000001071,
0.209645,µm^3,Spine,Spine Part Volume,0,1,1,100000002,610000001082,
0.249885,µm^3,Spine,Spine Part Volume,0,1,1,100000003,610000001272,
0.385024,µm^3,Spine,Spine Part Volume,0,1,1,100000003,610000001285,
0.345465,µm^3,Spine,Spine Part Volume,0,1,1,100000003,610000001300,
0.043384,µm^3,Spine,Spine Part Volume,0,1,1,100000003,610000001311,
0.0633594,µm^3,Spine,Spine Part Volume,0,1,1,100000003,610000001332,
0,µm^3,Spine,Spine Part Volume,0,1,1,100000003,610000001344,
0.00975406,µm^3,Spine,Spine Part Volume,0,1,1,100000003,610000001348,
0.204982,µm^3,Spine,Spine Part Volume,0,1,1,100000003,610000001351,
0.508044,µm^3,Spine,Spine Part Volume,0,1,1,100000003,610000001361,
0.0336119,µm^3,Spine,Spine Part Volume,0,1,1,100000003,610000001381,
0.440486,µm^3,Spine,Spine Part Volume,0,1,1,100000003,610000001394,
0.175245,µm^3,Spine,Spine Part Volume,0,1,1,100000003,610000001409,
0.0484424,µm^3,Spine,Spine Part Volume,0,1,1,100000003,610000001427,
0.0609099,µm^3,Spine,Spine Part Volume,0,1,1,100000003,610000001435,
0.273143,µm^3,Spine,Spine Part Volume,0,1,1,100000003,610000001444,
0.0802591,µm^3,Spine,Spine Part Volume,0,1,1,100000003,610000001460,
0.275758,µm^3,Spine,Spine Part Volume,0,1,1,100000003,610000001467,
0.105881,µm^3,Spine,Spine Part Volume,0,1,1,100000003,610000001484,
