
Spine Part Volume Ground
 ==================== 
Spine Part Volume Ground,Unit,Category,Collection,Depth,Level,Time,FilamentID,ID,
0.562926,µm^3,Spine,Spine Part Volume,0,1,1,100000000,610000000194,
0.115908,µm^3,Spine,Spine Part Volume,0,1,1,100000000,610000000219,
0.665468,µm^3,Spine,Spine Part Volume,0,1,1,100000000,610000000226,
0.324306,µm^3,Spine,Spine Part Volume,0,1,1,100000000,610000000252,
0.45893,µm^3,Spine,Spine Part Volume,0,1,1,100000000,610000000260,
0.17291,µm^3,Spine,Spine Part Volume,0,1,1,100000000,610000000269,
0.781395,µm^3,Spine,Spine Part Volume,0,1,1,100000000,610000000288,
0.21536,µm^3,Spine,Spine Part Volume,0,1,1,100000000,610000000300,
0.344491,µm^3,Spine,Spine Part Volume,0,1,1,100000000,610000000316,
0.407535,µm^3,Spine,Spine Part Volume,0,1,1,100000000,610000000323,
0.241676,µm^3,Spine,Spine Part Volume,0,1,1,100000000,610000000348,
0.155626,µm^3,Spine,Spine Part Volume,0,1,1,100000000,610000000357,
0.0796184,µm^3,Spine,Spine Part Volume,0,1,1,100000000,610000000362,
0.383603,µm^3,Spine,Spine Part Volume,0,1,1,100000000,610000000366,
0.175631,µm^3,Spine,Spine Part Volume,0,1,1,100000000,610000000381,
0.320301,µm^3,Spine,Spine Part Volume,0,1,1,100000000,610000000388,
0.325303,µm^3,Spine,Spine Part Volume,0,1,1,100000001,610000000593,
0.291383,µm^3,Spine,Spine Part Volume,0,1,1,100000001,610000000604,
0.413702,µm^3,Spine,Spine Part Volume,0,1,1,100000001,610000000611,
0.0571379,µm^3,Spine,Spine Part Volume,0,1,1,100000001,610000000624,
0.166528,µm^3,Spine,Spine Part Volume,0,1,1,100000001,610000000641,
0.444889,µm^3,Spine,Spine Part Volume,0,1,1,100000001,610000000646,
0.145846,µm^3,Spine,Spine Part Volume,0,1,1,100000001,610000000654,
0.157289,µm^3,Spine,Spine Part Volume,0,1,1,100000001,610000000658,
0.36529,µm^3,Spine,Spine Part Volume,0,1,1,100000001,610000000663,
0.160635,µm^3,Spine,Spine Part Volume,0,1,1,100000001,610000000669,
0.548059,µm^3,Spine,Spine Part Volume,0,1,1,100000001,610000000674,
0.43238,µm^3,Spine,Spine Part Volume,0,1,1,100000001,610000000699,
0.300571,µm^3,Spine,Spine Part Volume,0,1,1,100000001,610000000717,
0.127744,µm^3,Spine,Spine Part Volume,0,1,1,100000001,610000000732,
0.383388,µm^3,Spine,Spine Part Volume,0,1,1,100000002,610000000917,
0.0161126,µm^3,Spine,Spine Part Volume,0,1,1,100000002,610000000936,
0.0999183,µm^3,Spine,Spine Part Volume,0,1,1,100000002,610000000938,
0.270574,µm^3,Spine,Spine Part Volume,0,1,1,100000002,610000000942,
0.294965,µm^3,Spine,Spine Part Volume,0,1,1,100000002,610000000953,
0.450298,µm^3,Spine,Spine Part Volume,0,1,1,100000002,610000000960,
0.331519,µm^3,Spine,Spine Part Volume,0,1,1,100000002,610000000980,
0.467597,µm^3,Spine,Spine Part Volume,0,1,1,100000002,610000000991,
0.243068,µm^3,Spine,Spine Part Volume,0,1,1,100000002,610000001005,
0.539506,µm^3,Spine,Spine Part Volume,0,1,1,100000002,610000001014,
0.204381,µm^3,Spine,Spine Part Volume,0,1,1,100000002,610000001028,
0.102426,µm^3,Spine,Spine Part Volume,0,1,1,100000002,610000001033,
0.842618,µm^3,Spine,Spine Part Volume,0,1,1,100000002,610000001052,
0.598832,µm^3,Spine,Spine Part Volume,0,1,1,100000002,610000001071,
0.359151,µm^3,Spine,Spine Part Volume,0,1,1,100000002,610000001082,
0.511557,µm^3,Spine,Spine Part Volume,0,1,1,100000003,610000001272,
0.221633,µm^3,Spine,Spine Part Volume,0,1,1,100000003,610000001285,
0.321794,µm^3,Spine,Spine Part Volume,0,1,1,100000003,610000001300,
0.145034,µm^3,Spine,Spine Part Volume,0,1,1,100000003,610000001311,
0.255004,µm^3,Spine,Spine Part Volume,0,1,1,100000003,610000001332,
0.0930706,µm^3,Spine,Spine Part Volume,0,1,1,100000003,610000001344,
0.0423716,µm^3,Spine,Spine Part Volume,0,1,1,100000003,610000001348,
0.290044,µm^3,Spine,Spine Part Volume,0,1,1,100000003,610000001351,
1.19682,µm^3,Spine,Spine Part Volume,0,1,1,100000003,610000001361,
0.231839,µm^3,Spine,Spine Part Volume,0,1,1,100000003,610000001381,
0.298012,µm^3,Spine,Spine Part Volume,0,1,1,100000003,610000001394,
0.0203411,µm^3,Spine,Spine Part Volume,0,1,1,100000003,610000001409,
0.225239,µm^3,Spine,Spine Part Volume,0,1,1,100000003,610000001427,
0.215351,µm^3,Spine,Spine Part Volume,0,1,1,100000003,610000001435,
0.321761,µm^3,Spine,Spine Part Volume,0,1,1,100000003,610000001444,
0.204847,µm^3,Spine,Spine Part Volume,0,1,1,100000003,610000001460,
0.503528,µm^3,Spine,Spine Part Volume,0,1,1,100000003,610000001467,
0.283453,µm^3,Spine,Spine Part Volume,0,1,1,100000003,610000001484,
